base_id,condition,hop_depth,error_type,final_correct,final_absurd,max_probe_score,mean_probe_score,fired_at_least_once,n_interventions
planning_budget_0002,baseline,4,constraint_violation,False,False,0.9996861846310624,0.6248839655730085,True,0
planning_budget_0002,reprompt,4,constraint_violation,False,False,0.9996861846310624,0.6248839655730085,True,2
planning_budget_0002,replace_prior,4,constraint_violation,False,False,0.5017739416140564,0.2773133143117825,False,1
planning_budget_0002,branch_and_pick,4,constraint_violation,False,False,0.9997066757370836,0.6219236133616294,True,2
2hop_fractions_0039,baseline,2,wrong_percentage_base,False,False,0.9999995866358348,0.500043351445908,True,0
2hop_fractions_0039,reprompt,2,wrong_percentage_base,False,False,0.9999995866358348,0.500043351445908,True,1
2hop_fractions_0039,replace_prior,2,wrong_percentage_base,False,True,0.0024021169504268,0.0012446166032039,False,1
2hop_fractions_0039,branch_and_pick,2,wrong_percentage_base,False,False,0.9999999967543444,0.5000435565051626,True,1
2hop_fractions_0032,baseline,2,wrong_unit,False,False,0.9999999373442776,0.501093040332389,True,0
2hop_fractions_0032,reprompt,2,wrong_unit,False,False,0.9999999373442776,0.501093040332389,True,1
2hop_fractions_0032,replace_prior,2,wrong_unit,False,False,0.0026521627326868,0.0024191530265936,False,1
2hop_fractions_0032,branch_and_pick,2,wrong_unit,False,False,0.999999997797199,0.5010930705588497,True,1
3hop_multi_stage_geometry_0006,baseline,3,wrong_operator,False,False,0.9999997943278086,0.7882535398851291,True,0
3hop_multi_stage_geometry_0006,reprompt,3,wrong_operator,False,False,0.9999997943278086,0.7882535398851291,True,2
3hop_multi_stage_geometry_0006,replace_prior,3,wrong_operator,False,False,0.9772392918020932,0.5488196461814104,True,1
3hop_multi_stage_geometry_0006,branch_and_pick,3,wrong_operator,False,False,0.9999998899331,0.7882536047976866,True,2
4hop_multi_stage_allocation_0017,baseline,4,wrong_unit,False,False,0.9999999998805876,0.751078808759202,True,0
4hop_multi_stage_allocation_0017,reprompt,4,wrong_unit,False,False,0.9999999998805876,0.751078808759202,True,3
4hop_multi_stage_allocation_0017,replace_prior,4,wrong_unit,False,False,0.0045823393611176,0.0027146518358565,False,1
4hop_multi_stage_allocation_0017,branch_and_pick,4,wrong_unit,False,False,0.9999999993707848,0.7510929286956336,True,3
3hop_compound_rate_0007,baseline,3,wrong_unit,False,False,0.9999650046255404,0.6672164588959436,True,0
3hop_compound_rate_0007,reprompt,3,wrong_unit,False,False,0.9999650046255404,0.6672164588959436,True,2
3hop_compound_rate_0007,replace_prior,3,wrong_unit,False,False,0.0570537535561755,0.0266582003500681,False,1
3hop_compound_rate_0007,branch_and_pick,3,wrong_unit,False,False,0.9999787126613886,0.6671726222473477,True,2
2hop_fractions_0005,baseline,2,off_by_one,False,True,0.9997185390710784,0.50041280400824,True,0
2hop_fractions_0005,reprompt,2,off_by_one,False,False,0.9997185390710784,0.50041280400824,True,1
2hop_fractions_0005,replace_prior,2,off_by_one,False,True,0.0028851058556898,0.0019960874005456,False,1
2hop_fractions_0005,branch_and_pick,2,off_by_one,False,True,0.9998246907826124,0.500465879864007,True,1
4hop_nested_fractions_0019,baseline,4,wrong_percentage_base,False,False,0.9999999993792634,0.7787431022956095,True,0
4hop_nested_fractions_0019,reprompt,4,wrong_percentage_base,False,False,0.9999999993792634,0.7787431022956095,True,3
4hop_nested_fractions_0019,replace_prior,4,wrong_percentage_base,False,False,0.980105712791058,0.4732587646071343,True,3
4hop_nested_fractions_0019,branch_and_pick,4,wrong_percentage_base,False,False,0.999999998259756,0.778423324915331,True,3
2hop_rate_distance_0038,baseline,2,magnitude_error,False,False,0.9999940614839772,0.5271645048577147,True,0
2hop_rate_distance_0038,reprompt,2,magnitude_error,False,False,0.9999940614839772,0.5271645048577147,True,1
2hop_rate_distance_0038,replace_prior,2,magnitude_error,False,False,0.0543349482314522,0.0405613615484762,False,1
2hop_rate_distance_0038,branch_and_pick,2,magnitude_error,False,False,0.9999994858077308,0.5271672170195916,True,1
3hop_percentage_chain_0047,baseline,3,wrong_unit,False,False,0.9999999998187994,0.6668271446980872,True,0
3hop_percentage_chain_0047,reprompt,3,wrong_unit,False,False,0.9999999998187994,0.6668271446980872,True,2
3hop_percentage_chain_0047,replace_prior,3,wrong_unit,False,False,0.7508630958179227,0.3097017260729987,False,1
3hop_percentage_chain_0047,branch_and_pick,3,wrong_unit,False,False,0.999999999823652,0.6668338011043927,True,2
3hop_compound_rate_0018,baseline,3,magnitude_error,False,False,0.99998413904351,0.666848828867954,True,0
3hop_compound_rate_0018,reprompt,3,magnitude_error,False,False,0.99998413904351,0.666848828867954,True,2
3hop_compound_rate_0018,replace_prior,3,magnitude_error,False,False,0.7471250506081564,0.3789429146943202,False,1
3hop_compound_rate_0018,branch_and_pick,3,magnitude_error,False,False,0.9999995305864324,0.6668656758884207,True,2
3hop_percentage_chain_0015,baseline,3,off_by_one,False,True,0.99998281686882,0.6658253438879419,True,0
3hop_percentage_chain_0015,reprompt,3,off_by_one,False,False,0.99998281686882,0.6658253438879419,True,2
3hop_percentage_chain_0015,replace_prior,3,off_by_one,False,False,0.013077405399729,0.0067059581148529,False,1
3hop_percentage_chain_0015,branch_and_pick,3,off_by_one,False,False,0.9999800803285324,0.6666174831885224,True,2
3hop_percentage_chain_0004,baseline,3,wrong_percentage_base,False,True,0.999997445926703,0.6668300551233209,True,0
3hop_percentage_chain_0004,reprompt,3,wrong_percentage_base,False,False,0.999997445926703,0.6668300551233209,True,2
3hop_percentage_chain_0004,replace_prior,3,wrong_percentage_base,False,False,0.0188166258701364,0.0118663129215468,False,1
3hop_percentage_chain_0004,branch_and_pick,3,wrong_percentage_base,False,False,0.9999949739318816,0.6668562804469098,True,2
4hop_nested_fractions_0015,baseline,4,off_by_one,False,False,0.9999999323136802,0.772635494075308,True,0
4hop_nested_fractions_0015,reprompt,4,off_by_one,False,False,0.9999999323136802,0.772635494075308,True,3
4hop_nested_fractions_0015,replace_prior,4,off_by_one,True,False,0.7675926838666197,0.2182255706268923,False,1
4hop_nested_fractions_0015,branch_and_pick,4,off_by_one,False,False,0.9999999973731452,0.7723900287367232,True,3
2hop_fractions_0003,baseline,2,magnitude_error,False,False,0.9999999905224348,0.5034201320672002,True,0
2hop_fractions_0003,reprompt,2,magnitude_error,False,False,0.9999999905224348,0.5034201320672002,True,1
2hop_fractions_0003,replace_prior,2,magnitude_error,False,True,0.0153751817733612,0.0111077276926633,False,1
2hop_fractions_0003,branch_and_pick,2,magnitude_error,False,True,0.9999999940906804,0.5034201338513229,True,1
4hop_compound_interest_0018,baseline,4,magnitude_error,False,False,0.9999999506051483,0.7499543488249343,True,0
4hop_compound_interest_0018,reprompt,4,magnitude_error,False,False,0.9999999506051483,0.7499543488249343,True,3
4hop_compound_interest_0018,replace_prior,4,magnitude_error,False,False,0.001972098333195,0.0007050989145531,False,1
4hop_compound_interest_0018,branch_and_pick,4,magnitude_error,False,False,0.999999774513854,0.7496415095029774,True,3
2hop_arithmetic_0015,baseline,2,off_by_one,False,False,0.9601977486831754,0.9135896486474806,True,0
2hop_arithmetic_0015,reprompt,2,off_by_one,False,False,0.9601977486831754,0.9135896486474806,True,1
2hop_arithmetic_0015,replace_prior,2,off_by_one,False,False,0.9601977486831754,0.9135896486474806,True,0
2hop_arithmetic_0015,branch_and_pick,2,off_by_one,False,False,0.9592066277715654,0.9130940881916756,False,1
3hop_compound_rate_0040,baseline,3,off_by_one,False,False,0.9997306436647956,0.6679727101401652,True,0
3hop_compound_rate_0040,reprompt,3,off_by_one,False,False,0.9997306436647956,0.6679727101401652,True,2
3hop_compound_rate_0040,replace_prior,3,off_by_one,False,False,0.2447758408268629,0.0891592829678018,False,1
3hop_compound_rate_0040,branch_and_pick,3,off_by_one,False,False,0.9991851331543772,0.6675084410475002,True,2
2hop_rate_distance_0031,baseline,2,wrong_operator,False,False,0.999989796452823,0.5006510248777636,True,0
2hop_rate_distance_0031,reprompt,2,wrong_operator,False,False,0.999989796452823,0.5006510248777636,True,1
2hop_rate_distance_0031,replace_prior,2,wrong_operator,False,False,0.0017868644004108,0.0015495588515574,False,1
2hop_rate_distance_0031,branch_and_pick,2,wrong_operator,False,False,0.9999982626791608,0.5006552579909325,True,1
2hop_percentage_0009,baseline,2,wrong_percentage_base,False,False,0.9797445071387586,0.6386616444609804,True,0
2hop_percentage_0009,reprompt,2,wrong_percentage_base,False,False,0.9797445071387586,0.6386616444609804,True,1
2hop_percentage_0009,replace_prior,2,wrong_percentage_base,False,False,0.8262163567326476,0.5618975692579249,False,1
2hop_percentage_0009,branch_and_pick,2,wrong_percentage_base,False,False,0.9718109288481472,0.6346948553156748,True,1
3hop_compound_rate_0012,baseline,3,wrong_unit,False,False,0.9998657943411527,0.6670310480731233,True,0
3hop_compound_rate_0012,reprompt,3,wrong_unit,False,False,0.9998657943411527,0.6670310480731233,True,2
3hop_compound_rate_0012,replace_prior,3,wrong_unit,False,False,0.0240830162848773,0.0134274268545643,False,1
3hop_compound_rate_0012,branch_and_pick,3,wrong_unit,False,False,0.999719930284402,0.6669908958463079,True,2
2hop_counting_0009,baseline,2,wrong_percentage_base,False,False,0.999041191415906,0.5067094740020319,True,0
2hop_counting_0009,reprompt,2,wrong_percentage_base,False,False,0.999041191415906,0.5067094740020319,True,1
2hop_counting_0009,replace_prior,2,wrong_percentage_base,False,False,0.1188574419492861,0.0666175992687219,False,1
2hop_counting_0009,branch_and_pick,2,wrong_percentage_base,False,False,0.9998555276995502,0.507116642143854,True,1
2hop_percentage_0025,baseline,2,off_by_one,False,False,0.9999999693571708,0.6233753133149759,True,0
2hop_percentage_0025,reprompt,2,off_by_one,False,False,0.9999999693571708,0.6233753133149759,True,1
2hop_percentage_0025,replace_prior,2,off_by_one,False,False,0.921602207673722,0.5841764324732515,False,1
2hop_percentage_0025,branch_and_pick,2,off_by_one,False,False,0.9999999438469616,0.6233753005598712,True,1
4hop_nested_fractions_0000,baseline,4,off_by_one,True,False,0.9999991405192588,0.7778898902716335,True,0
4hop_nested_fractions_0000,reprompt,4,off_by_one,False,False,0.9999991405192588,0.7778898902716335,True,3
4hop_nested_fractions_0000,replace_prior,4,off_by_one,True,False,0.114617245188702,0.0328137783293931,False,1
4hop_nested_fractions_0000,branch_and_pick,4,off_by_one,False,False,0.9999980617491396,0.7772329676939317,True,3
3hop_compound_rate_0030,baseline,3,off_by_one,False,False,0.9998807449000402,0.678647105737746,True,0
3hop_compound_rate_0030,reprompt,3,off_by_one,False,False,0.9998807449000402,0.678647105737746,True,2
3hop_compound_rate_0030,replace_prior,3,off_by_one,False,False,0.6010621324339871,0.2688748397835611,False,1
3hop_compound_rate_0030,branch_and_pick,3,off_by_one,False,False,0.9996071233054185,0.6784819356052573,True,2
2hop_fractions_0027,baseline,2,wrong_unit,False,False,0.9999994983604922,0.5002811498552477,True,0
2hop_fractions_0027,reprompt,2,wrong_unit,False,False,0.9999994983604922,0.5002811498552477,True,1
2hop_fractions_0027,replace_prior,2,wrong_unit,False,True,0.0011327608742351,0.0008477811121191,False,1
2hop_fractions_0027,branch_and_pick,2,wrong_unit,False,False,0.9999999928935824,0.5002813971217928,True,1
3hop_percentage_chain_0038,baseline,3,magnitude_error,False,True,0.9999999994238932,0.6667767924063606,True,0
3hop_percentage_chain_0038,reprompt,3,magnitude_error,False,False,0.9999999994238932,0.6667767924063606,True,2
3hop_percentage_chain_0038,replace_prior,3,magnitude_error,False,False,0.079779395781978,0.0420817947986401,False,1
3hop_percentage_chain_0038,branch_and_pick,3,magnitude_error,False,True,0.9999999997862824,0.6667804302117203,True,2
3hop_multi_stage_geometry_0035,baseline,3,off_by_one,False,False,0.9995902434347472,0.7403871901333944,True,0
3hop_multi_stage_geometry_0035,reprompt,3,off_by_one,False,False,0.9995902434347472,0.7403871901333944,True,2
3hop_multi_stage_geometry_0035,replace_prior,3,off_by_one,False,False,0.7692211806635632,0.4242277992046568,False,1
3hop_multi_stage_geometry_0035,branch_and_pick,3,off_by_one,False,False,0.9999937540703494,0.7404282660760769,True,2
3hop_percentage_chain_0019,baseline,3,wrong_percentage_base,False,True,0.9999998507410044,0.6667479041165579,True,0
3hop_percentage_chain_0019,reprompt,3,wrong_percentage_base,False,False,0.9999998507410044,0.6667479041165579,True,2
3hop_percentage_chain_0019,replace_prior,3,wrong_percentage_base,False,False,0.014259712480286,0.0083726376418658,False,1
3hop_percentage_chain_0019,branch_and_pick,3,wrong_percentage_base,False,False,0.9999998003194334,0.6667558428085395,True,2
2hop_percentage_0033,baseline,2,magnitude_error,False,False,0.9999934752314958,0.550326308781727,True,0
2hop_percentage_0033,reprompt,2,magnitude_error,False,False,0.9999934752314958,0.550326308781727,True,1
2hop_percentage_0033,replace_prior,2,magnitude_error,False,False,0.5307899049586512,0.3157245236453047,False,1
2hop_percentage_0033,branch_and_pick,2,magnitude_error,False,False,0.9999780958081596,0.5503186190700589,True,1
2hop_rate_distance_0030,baseline,2,off_by_one,False,False,0.7629316077713754,0.4789342080960928,False,0
2hop_rate_distance_0030,reprompt,2,off_by_one,False,False,0.7629316077713754,0.4789342080960928,False,0
2hop_rate_distance_0030,replace_prior,2,off_by_one,False,False,0.7629316077713754,0.4789342080960928,False,0
2hop_rate_distance_0030,branch_and_pick,2,off_by_one,False,False,0.7629316077713754,0.4789342080960928,False,0
4hop_nested_fractions_0021,baseline,4,wrong_operator,False,False,0.9999995014547332,0.771923429262203,True,0
4hop_nested_fractions_0021,reprompt,4,wrong_operator,False,False,0.9999995014547332,0.771923429262203,True,3
4hop_nested_fractions_0021,replace_prior,4,wrong_operator,False,False,0.0876983291826495,0.0276687836268649,False,1
4hop_nested_fractions_0021,branch_and_pick,4,wrong_operator,False,False,0.999998268148596,0.7719202434129685,True,3
2hop_percentage_0042,baseline,2,wrong_unit,False,False,0.9932184960256631,0.5471522848923163,True,0
2hop_percentage_0042,reprompt,2,wrong_unit,False,False,0.9932184960256631,0.5471522848923163,True,1
2hop_percentage_0042,replace_prior,2,wrong_unit,False,False,0.3222086684051875,0.2116473710820784,False,1
2hop_percentage_0042,branch_and_pick,2,wrong_unit,False,False,0.983673809330134,0.5423799415445517,True,1
4hop_multi_stage_allocation_0024,baseline,4,wrong_percentage_base,False,False,0.999999988923238,0.7515347428984502,True,0
4hop_multi_stage_allocation_0024,reprompt,4,wrong_percentage_base,False,False,0.999999988923238,0.7515347428984502,True,3
4hop_multi_stage_allocation_0024,replace_prior,4,wrong_percentage_base,False,False,0.0546328618163737,0.0218517921595992,False,1
4hop_multi_stage_allocation_0024,branch_and_pick,4,wrong_percentage_base,False,False,0.999999976901808,0.7515573412013367,True,3
3hop_compound_rate_0038,baseline,3,magnitude_error,False,False,0.9999934581087432,0.6815711947390111,True,0
3hop_compound_rate_0038,reprompt,3,magnitude_error,False,False,0.9999934581087432,0.6815711947390111,True,2
3hop_compound_rate_0038,replace_prior,3,magnitude_error,False,False,0.6646979744582087,0.4284677737716056,False,1
3hop_compound_rate_0038,branch_and_pick,3,magnitude_error,False,False,0.9999868038920292,0.6815465310581276,True,2
3hop_percentage_chain_0032,baseline,3,wrong_unit,False,False,0.99999993515147,0.6667958326728921,True,0
3hop_percentage_chain_0032,reprompt,3,wrong_unit,False,False,0.99999993515147,0.6667958326728921,True,2
3hop_percentage_chain_0032,replace_prior,3,wrong_unit,False,False,0.1238159304545579,0.0682847279895374,False,1
3hop_percentage_chain_0032,branch_and_pick,3,wrong_unit,False,False,0.999999905716046,0.6668005879451441,True,2
3hop_multi_stage_geometry_0042,baseline,3,wrong_unit,False,False,0.99971863812312,0.8635684773744221,True,0
3hop_multi_stage_geometry_0042,reprompt,3,wrong_unit,False,False,0.99971863812312,0.8635684773744221,True,2
3hop_multi_stage_geometry_0042,replace_prior,3,wrong_unit,False,False,0.6007810793690406,0.3961451494911521,False,1
3hop_multi_stage_geometry_0042,branch_and_pick,3,wrong_unit,False,False,0.9990483945409878,0.8619737124890725,True,2
3hop_percentage_chain_0041,baseline,3,wrong_operator,False,False,0.9999999992644144,0.6667437399905892,True,0
3hop_percentage_chain_0041,reprompt,3,wrong_operator,False,False,0.9999999992644144,0.6667437399905892,True,2
3hop_percentage_chain_0041,replace_prior,3,wrong_operator,False,False,0.0024074543112205,0.0016402567173942,False,1
3hop_percentage_chain_0041,branch_and_pick,3,wrong_operator,False,True,0.9999999997316484,0.666755822381302,True,2
2hop_arithmetic_0012,baseline,2,wrong_unit,False,False,0.9999953669456398,0.5096483991665768,True,0
2hop_arithmetic_0012,reprompt,2,wrong_unit,False,False,0.9999953669456398,0.5096483991665768,True,1
2hop_arithmetic_0012,replace_prior,2,wrong_unit,False,False,0.1620810460904558,0.0906912387389848,False,1
2hop_arithmetic_0012,branch_and_pick,2,wrong_unit,False,False,0.9999999116904236,0.5096506715389686,True,1
2hop_counting_0017,baseline,2,wrong_unit,False,False,0.9996574752898444,0.4998650275555129,True,0
2hop_counting_0017,reprompt,2,wrong_unit,False,False,0.9996574752898444,0.4998650275555129,True,1
2hop_counting_0017,replace_prior,2,wrong_unit,False,False,0.0001108855924959,9.173270683876338e-05,False,1
2hop_counting_0017,branch_and_pick,2,wrong_unit,False,False,0.9999932030222624,0.500032891421722,True,1
2hop_fractions_0014,baseline,2,wrong_percentage_base,False,False,0.9999998657864112,0.5026126193988493,True,0
2hop_fractions_0014,reprompt,2,wrong_percentage_base,False,False,0.9999998657864112,0.5026126193988493,True,1
2hop_fractions_0014,replace_prior,2,wrong_percentage_base,False,True,0.0052253730112873,0.0045470127500859,False,1
2hop_fractions_0014,branch_and_pick,2,wrong_percentage_base,False,False,0.9999998977758404,0.5026126353935639,True,1
4hop_compound_interest_0003,baseline,4,magnitude_error,False,False,0.9999999740517584,0.7498143031596993,True,0
4hop_compound_interest_0003,reprompt,4,magnitude_error,False,False,0.9999999740517584,0.7498143031596993,True,3
4hop_compound_interest_0003,replace_prior,4,magnitude_error,False,False,0.0042509752470017,0.0011078071732513,False,1
4hop_compound_interest_0003,branch_and_pick,4,magnitude_error,False,False,0.999999828914758,0.749897797509388,True,3
2hop_fractions_0034,baseline,2,wrong_percentage_base,False,False,0.9999999933966764,0.5069929234233771,True,0
2hop_fractions_0034,reprompt,2,wrong_percentage_base,False,False,0.9999999933966764,0.5069929234233771,True,1
2hop_fractions_0034,replace_prior,2,wrong_percentage_base,False,False,0.0139858534500778,0.0118268295722862,False,1
2hop_fractions_0034,branch_and_pick,2,wrong_percentage_base,False,False,0.9999999998211092,0.5069929266355935,True,1
4hop_multi_stage_geometry_4_0004,baseline,4,wrong_percentage_base,True,False,0.9977545257923474,0.97629272275685,True,0
4hop_multi_stage_geometry_4_0004,reprompt,4,wrong_percentage_base,False,False,0.9977545257923474,0.97629272275685,True,3
4hop_multi_stage_geometry_4_0004,replace_prior,4,wrong_percentage_base,False,False,0.9996026432393618,0.9728398592837532,True,2
4hop_multi_stage_geometry_4_0004,branch_and_pick,4,wrong_percentage_base,False,False,0.9935827909117252,0.9501773466554224,True,3
4hop_multi_stage_allocation_0011,baseline,4,wrong_operator,False,False,0.9999999977789278,0.7511531318834525,True,0
4hop_multi_stage_allocation_0011,reprompt,4,wrong_operator,False,False,0.9999999977789278,0.7511531318834525,True,3
4hop_multi_stage_allocation_0011,replace_prior,4,wrong_operator,False,False,0.0106579279190389,0.0088868687961545,False,1
4hop_multi_stage_allocation_0011,branch_and_pick,4,wrong_operator,False,False,0.999999990328942,0.7511884089349685,True,3
4hop_compound_interest_0016,baseline,4,wrong_operator,False,False,0.9999999999966604,0.7499601285219603,True,0
4hop_compound_interest_0016,reprompt,4,wrong_operator,False,False,0.9999999999966604,0.7499601285219603,True,3
4hop_compound_interest_0016,replace_prior,4,wrong_operator,False,False,0.0544064197853477,0.0147720926071346,False,1
4hop_compound_interest_0016,branch_and_pick,4,wrong_operator,False,False,0.999999999991001,0.7499254816435528,True,3
2hop_counting_0001,baseline,2,wrong_operator,False,False,0.9999998635051288,0.5007352593255913,True,0
2hop_counting_0001,reprompt,2,wrong_operator,False,False,0.9999998635051288,0.5007352593255913,True,1
2hop_counting_0001,replace_prior,2,wrong_operator,False,False,0.0049306109214762,0.0032006330337649,False,1
2hop_counting_0001,branch_and_pick,2,wrong_operator,True,True,0.9999998309532322,0.5007352430496429,True,1
2hop_percentage_0046,baseline,2,wrong_operator,False,False,0.99999997602685,0.5515574681633808,True,0
2hop_percentage_0046,reprompt,2,wrong_operator,False,False,0.99999997602685,0.5515574681633808,True,1
2hop_percentage_0046,replace_prior,2,wrong_operator,False,False,0.6350375168374168,0.3690762385686642,False,1
2hop_percentage_0046,branch_and_pick,2,wrong_operator,False,False,0.999999996195532,0.5515574782477218,True,1
3hop_percentage_chain_0043,baseline,3,magnitude_error,False,True,0.999999956517945,0.6668951533703761,True,0
3hop_percentage_chain_0043,reprompt,3,magnitude_error,False,False,0.999999956517945,0.6668951533703761,True,2
3hop_percentage_chain_0043,replace_prior,3,magnitude_error,False,False,0.0072486439514769,0.0046732156813278,False,1
3hop_percentage_chain_0043,branch_and_pick,3,magnitude_error,False,False,0.9999999892784922,0.6669884334643071,True,2
2hop_counting_0015,baseline,2,off_by_one,False,False,0.9961697088636572,0.5116207910268222,True,0
2hop_counting_0015,reprompt,2,off_by_one,False,False,0.9961697088636572,0.5116207910268222,True,1
2hop_counting_0015,replace_prior,2,off_by_one,False,False,0.041365537705413,0.0342187054477001,False,1
2hop_counting_0015,branch_and_pick,2,off_by_one,False,False,0.9980641817270592,0.5125680274585233,True,1
2hop_fractions_0026,baseline,2,wrong_operator,False,True,0.9999925015077434,0.5004624249188199,True,0
2hop_fractions_0026,reprompt,2,wrong_operator,False,True,0.9999925015077434,0.5004624249188199,True,1
2hop_fractions_0026,replace_prior,2,wrong_operator,False,False,0.0009323483298963,0.0008273356128474,False,1
2hop_fractions_0026,branch_and_pick,2,wrong_operator,False,True,0.9999891849491764,0.5004607666395363,True,1
4hop_multi_stage_allocation_0016,baseline,4,wrong_operator,False,False,0.9999999998279878,0.7513297206358058,True,0
4hop_multi_stage_allocation_0016,reprompt,4,wrong_operator,False,False,0.9999999998279878,0.7513297206358058,True,3
4hop_multi_stage_allocation_0016,replace_prior,4,wrong_operator,False,False,0.0055150113011132,0.002120262465562,False,1
4hop_multi_stage_allocation_0016,branch_and_pick,4,wrong_operator,False,False,0.999999999304192,0.7513784165941058,True,3
2hop_arithmetic_0021,baseline,2,wrong_operator,False,False,0.9999999766911808,0.5274054939411241,True,0
2hop_arithmetic_0021,reprompt,2,wrong_operator,False,False,0.9999999766911808,0.5274054939411241,True,1
2hop_arithmetic_0021,replace_prior,2,wrong_operator,False,False,0.4621229899906924,0.2584670005908799,False,1
2hop_arithmetic_0021,branch_and_pick,2,wrong_operator,False,False,0.9999999786105452,0.5274054949008062,True,1
2hop_fractions_0022,baseline,2,wrong_unit,False,False,0.9999995425662536,0.5000857713136132,True,0
2hop_fractions_0022,reprompt,2,wrong_unit,False,False,0.9999995425662536,0.5000857713136132,True,1
2hop_fractions_0022,replace_prior,2,wrong_unit,False,False,0.6571952860197646,0.3286836430403688,False,1
2hop_fractions_0022,branch_and_pick,2,wrong_unit,False,False,0.99999996256706,0.5000859813140165,True,1
3hop_compound_rate_0002,baseline,3,wrong_unit,False,False,0.9991836238705932,0.6653855391671596,True,0
3hop_compound_rate_0002,reprompt,3,wrong_unit,False,False,0.9991836238705932,0.6653855391671596,True,2
3hop_compound_rate_0002,replace_prior,3,wrong_unit,False,False,0.8690031284714815,0.2928050367571641,False,1
3hop_compound_rate_0002,branch_and_pick,3,wrong_unit,False,False,0.9996801791799388,0.6651991863515742,True,2
2hop_counting_0021,baseline,2,wrong_operator,False,False,0.9999743672969592,0.5000352499301136,True,0
2hop_counting_0021,reprompt,2,wrong_operator,False,False,0.9999743672969592,0.5000352499301136,True,1
2hop_counting_0021,replace_prior,2,wrong_operator,False,False,9.613256326812747e-05,5.92243073982815e-05,False,1
2hop_counting_0021,branch_and_pick,2,wrong_operator,False,False,0.9999970083875642,0.5000465704754162,True,1
4hop_multi_stage_allocation_0009,baseline,4,wrong_percentage_base,False,False,0.9999985037066323,0.7516024976552491,True,0
4hop_multi_stage_allocation_0009,reprompt,4,wrong_percentage_base,False,False,0.9999985037066323,0.7516024976552491,True,3
4hop_multi_stage_allocation_0009,replace_prior,4,wrong_percentage_base,False,False,0.0078633772227959,0.0029499087892216,False,1
4hop_multi_stage_allocation_0009,branch_and_pick,4,wrong_percentage_base,False,False,0.9999978364669208,0.7519226828881445,True,3
2hop_fractions_0036,baseline,2,wrong_operator,False,True,0.9965829059725104,0.5001171085762481,True,0
2hop_fractions_0036,reprompt,2,wrong_operator,False,True,0.9965829059725104,0.5001171085762481,True,1
2hop_fractions_0036,replace_prior,2,wrong_operator,False,False,0.0036513111799856,0.0036396763044463,False,1
2hop_fractions_0036,branch_and_pick,2,wrong_operator,False,True,0.9924331993898312,0.4980422552849084,True,1
4hop_nested_fractions_0006,baseline,4,wrong_operator,True,False,0.9999997412650724,0.8290027579254649,True,0
4hop_nested_fractions_0006,reprompt,4,wrong_operator,False,False,0.9999997412650724,0.8290027579254649,True,3
4hop_nested_fractions_0006,replace_prior,4,wrong_operator,False,False,0.3160140423110805,0.0908526166819682,False,1
4hop_nested_fractions_0006,branch_and_pick,4,wrong_operator,False,False,0.99999997834877,0.8290017603828923,True,3
3hop_multi_stage_geometry_0005,baseline,3,off_by_one,False,False,0.9821979199875558,0.7397095508626851,True,0
3hop_multi_stage_geometry_0005,reprompt,3,off_by_one,False,False,0.9821979199875558,0.7397095508626851,True,2
3hop_multi_stage_geometry_0005,replace_prior,3,off_by_one,False,False,0.9821979199875558,0.7427538819078813,True,1
3hop_multi_stage_geometry_0005,branch_and_pick,3,off_by_one,False,False,0.946854846167374,0.5955303360667944,False,2
3hop_multi_stage_geometry_0027,baseline,3,wrong_unit,False,False,0.9999954634846114,0.7385371600590876,True,0
3hop_multi_stage_geometry_0027,reprompt,3,wrong_unit,False,False,0.9999954634846114,0.7385371600590876,True,2
3hop_multi_stage_geometry_0027,replace_prior,3,wrong_unit,False,False,0.2902882447805691,0.1712828590357196,False,1
3hop_multi_stage_geometry_0027,branch_and_pick,3,wrong_unit,False,False,0.9999304820092692,0.7386056200204792,True,2
3hop_percentage_chain_0001,baseline,3,wrong_operator,False,False,0.999999999658395,0.6667210640431342,True,0
3hop_percentage_chain_0001,reprompt,3,wrong_operator,False,False,0.999999999658395,0.6667210640431342,True,2
3hop_percentage_chain_0001,replace_prior,3,wrong_operator,False,False,0.0035731919599926,0.0022252797259682,False,1
3hop_percentage_chain_0001,branch_and_pick,3,wrong_operator,False,False,0.9999999994930298,0.6667390830680309,True,2
4hop_compound_interest_0011,baseline,4,wrong_operator,False,False,0.999999999995469,0.749970208473002,True,0
4hop_compound_interest_0011,reprompt,4,wrong_operator,False,False,0.999999999995469,0.749970208473002,True,3
4hop_compound_interest_0011,replace_prior,4,wrong_operator,False,False,0.9963137643529087,0.5139436291753938,True,3
4hop_compound_interest_0011,branch_and_pick,4,wrong_operator,False,False,0.9999999999490748,0.7499982779924348,True,3
2hop_rate_distance_0047,baseline,2,wrong_unit,False,False,0.9999983062566636,0.5017622253662252,True,0
2hop_rate_distance_0047,reprompt,2,wrong_unit,False,False,0.9999983062566636,0.5017622253662252,True,1
2hop_rate_distance_0047,replace_prior,2,wrong_unit,False,False,0.0073755040744889,0.0054508242751379,False,1
2hop_rate_distance_0047,branch_and_pick,2,wrong_unit,False,False,0.9999999961654014,0.5017630703205941,True,1
planning_budget_0019,baseline,4,constraint_violation,False,False,0.9996861846310624,0.6248839655730085,True,0
planning_budget_0019,reprompt,4,constraint_violation,False,False,0.9996861846310624,0.6248839655730085,True,2
planning_budget_0019,replace_prior,4,constraint_violation,False,False,0.5017739416140564,0.2773133143117825,False,1
planning_budget_0019,branch_and_pick,4,constraint_violation,False,False,0.9992372406292316,0.6232935586334611,True,2
4hop_multi_stage_geometry_4_0000,baseline,4,off_by_one,False,False,0.9999992580892294,0.97268202157748,True,0
4hop_multi_stage_geometry_4_0000,reprompt,4,off_by_one,False,False,0.9999992580892294,0.97268202157748,True,3
4hop_multi_stage_geometry_4_0000,replace_prior,4,off_by_one,False,False,0.9999876934209396,0.953646538454245,True,3
4hop_multi_stage_geometry_4_0000,branch_and_pick,4,off_by_one,False,False,0.9999999716037784,0.9726807201663406,True,3
3hop_compound_rate_0022,baseline,3,wrong_unit,False,False,0.9999769833199466,0.6746550973988784,True,0
3hop_compound_rate_0022,reprompt,3,wrong_unit,False,False,0.9999769833199466,0.6746550973988784,True,2
3hop_compound_rate_0022,replace_prior,3,wrong_unit,False,False,0.7366530804616699,0.393092000522167,False,1
3hop_compound_rate_0022,branch_and_pick,3,wrong_unit,False,False,0.9999713699966746,0.6746487328991115,True,2
3hop_multi_stage_geometry_0009,baseline,3,wrong_percentage_base,False,False,0.99992699938771,0.9453710124826508,True,0
3hop_multi_stage_geometry_0009,reprompt,3,wrong_percentage_base,False,False,0.99992699938771,0.9453710124826508,True,2
3hop_multi_stage_geometry_0009,replace_prior,3,wrong_percentage_base,False,False,0.8496363843833268,0.6057613511004318,False,1
3hop_multi_stage_geometry_0009,branch_and_pick,3,wrong_percentage_base,False,False,0.996417585264218,0.9432622870443936,True,2
3hop_percentage_chain_0048,baseline,3,magnitude_error,False,True,0.999999999679804,0.666766904773472,True,0
3hop_percentage_chain_0048,reprompt,3,magnitude_error,False,False,0.999999999679804,0.666766904773472,True,2
3hop_percentage_chain_0048,replace_prior,3,magnitude_error,False,False,0.0015562832465494,0.0009981721549069,False,1
3hop_percentage_chain_0048,branch_and_pick,3,magnitude_error,False,False,0.9999999988831548,0.6667816193010978,True,2
2hop_arithmetic_0044,baseline,2,wrong_percentage_base,False,False,0.999999974697792,0.5037131371211993,True,0
2hop_arithmetic_0044,reprompt,2,wrong_percentage_base,False,False,0.999999974697792,0.5037131371211993,True,1
2hop_arithmetic_0044,replace_prior,2,wrong_percentage_base,False,False,0.1050821168521595,0.0562542081983831,False,1
2hop_arithmetic_0044,branch_and_pick,2,wrong_percentage_base,False,False,0.9999999999713756,0.5037131497579911,True,1
4hop_nested_fractions_0009,baseline,4,wrong_percentage_base,True,False,0.9999999944332838,0.7620863782705303,True,0
4hop_nested_fractions_0009,reprompt,4,wrong_percentage_base,False,False,0.9999999944332838,0.7620863782705303,True,3
4hop_nested_fractions_0009,replace_prior,4,wrong_percentage_base,False,False,0.9991079531559532,0.5654651602702551,True,3
4hop_nested_fractions_0009,branch_and_pick,4,wrong_percentage_base,False,False,0.9999999830144792,0.762064900933819,True,3
2hop_counting_0007,baseline,2,wrong_unit,False,False,0.9987074238967522,0.5092065558839566,True,0
2hop_counting_0007,reprompt,2,wrong_unit,False,False,0.9987074238967522,0.5092065558839566,True,1
2hop_counting_0007,replace_prior,2,wrong_unit,False,False,0.9968496253043324,0.5082776565877468,True,1
2hop_counting_0007,branch_and_pick,2,wrong_unit,False,False,0.999767101389086,0.5097363946301235,True,1
3hop_percentage_chain_0002,baseline,3,wrong_unit,True,False,0.9999995217160982,0.6667106991838264,True,0
3hop_percentage_chain_0002,reprompt,3,wrong_unit,False,False,0.9999995217160982,0.6667106991838264,True,2
3hop_percentage_chain_0002,replace_prior,3,wrong_unit,False,False,0.0032243245047227,0.0018222828677525,False,1
3hop_percentage_chain_0002,branch_and_pick,3,wrong_unit,False,False,0.999998837183502,0.6667215070167977,True,2
3hop_percentage_chain_0022,baseline,3,wrong_unit,False,False,0.9999998728070504,0.6668372454771451,True,0
3hop_percentage_chain_0022,reprompt,3,wrong_unit,False,False,0.9999998728070504,0.6668372454771451,True,2
3hop_percentage_chain_0022,replace_prior,3,wrong_unit,False,False,0.015884112895394,0.0091575279122306,False,1
3hop_percentage_chain_0022,branch_and_pick,3,wrong_unit,False,False,0.999999815286944,0.6668422446452901,True,2
4hop_nested_fractions_0018,baseline,4,magnitude_error,False,False,0.9999999977815172,0.7752101548425763,True,0
4hop_nested_fractions_0018,reprompt,4,magnitude_error,False,False,0.9999999977815172,0.7752101548425763,True,3
4hop_nested_fractions_0018,replace_prior,4,magnitude_error,False,False,0.985267077609905,0.4459434733675446,True,3
4hop_nested_fractions_0018,branch_and_pick,4,magnitude_error,False,False,0.9999999903925382,0.7751580662371641,True,3
3hop_compound_rate_0043,baseline,3,magnitude_error,False,False,0.999959137868622,0.6691885496238986,True,0
3hop_compound_rate_0043,reprompt,3,magnitude_error,False,False,0.999959137868622,0.6691885496238986,True,2
3hop_compound_rate_0043,replace_prior,3,magnitude_error,False,False,0.6783814177022626,0.3943568406735294,False,1
3hop_compound_rate_0043,branch_and_pick,3,magnitude_error,False,False,0.9999049930801592,0.6689973980495201,True,2
2hop_counting_0029,baseline,2,wrong_percentage_base,False,False,0.9946699225758212,0.4996159177709178,True,0
2hop_counting_0029,reprompt,2,wrong_percentage_base,False,False,0.9946699225758212,0.4996159177709178,True,1
2hop_counting_0029,replace_prior,2,wrong_percentage_base,True,True,0.0167206125855386,0.0106412627757765,False,1
2hop_counting_0029,branch_and_pick,2,wrong_percentage_base,False,False,0.9986104496740482,0.5015861813200313,True,1
2hop_percentage_0012,baseline,2,wrong_unit,False,False,0.9999993112638766,0.5394211913717489,True,0
2hop_percentage_0012,reprompt,2,wrong_unit,False,False,0.9999993112638766,0.5394211913717489,True,1
2hop_percentage_0012,replace_prior,2,wrong_unit,False,False,0.1603584038861888,0.119600737682905,False,1
2hop_percentage_0012,branch_and_pick,2,wrong_unit,False,False,0.9999974943618088,0.539420282920715,True,1
2hop_arithmetic_0040,baseline,2,off_by_one,False,False,0.9851022720584092,0.849751733968082,True,0
2hop_arithmetic_0040,reprompt,2,off_by_one,False,False,0.9851022720584092,0.849751733968082,True,1
2hop_arithmetic_0040,replace_prior,2,off_by_one,False,False,0.9942131510884036,0.854307173483079,True,1
2hop_arithmetic_0040,branch_and_pick,2,off_by_one,False,False,0.9772625257466632,0.845831860812209,True,1
3hop_percentage_chain_0028,baseline,3,magnitude_error,False,False,0.9999998320391952,0.6667559752545174,True,0
3hop_percentage_chain_0028,reprompt,3,magnitude_error,False,False,0.9999998320391952,0.6667559752545174,True,2
3hop_percentage_chain_0028,replace_prior,3,magnitude_error,False,False,0.0067757158694061,0.0043928436044414,False,1
3hop_percentage_chain_0028,branch_and_pick,3,magnitude_error,False,True,0.9999999381057058,0.6667687957024219,True,2
2hop_fractions_0029,baseline,2,wrong_percentage_base,False,False,0.9999995846237816,0.500246564955695,True,0
2hop_fractions_0029,reprompt,2,wrong_percentage_base,False,False,0.9999995846237816,0.500246564955695,True,1
2hop_fractions_0029,replace_prior,2,wrong_percentage_base,False,True,0.0014225318728476,0.0009580385802279,False,1
2hop_fractions_0029,branch_and_pick,2,wrong_percentage_base,False,False,0.999999993884813,0.5002467695862106,True,1
2hop_percentage_0004,baseline,2,wrong_percentage_base,False,False,0.8376501609305765,0.4250515687162263,False,0
2hop_percentage_0004,reprompt,2,wrong_percentage_base,False,False,0.8376501609305765,0.4250515687162263,False,0
2hop_percentage_0004,replace_prior,2,wrong_percentage_base,False,False,0.8376501609305765,0.4250515687162263,False,0
2hop_percentage_0004,branch_and_pick,2,wrong_percentage_base,False,False,0.8376501609305765,0.4250515687162263,False,0
3hop_multi_stage_geometry_0025,baseline,3,off_by_one,False,False,0.9999314825590014,0.9014949764780154,True,0
3hop_multi_stage_geometry_0025,reprompt,3,off_by_one,False,False,0.9999314825590014,0.9014949764780154,True,2
3hop_multi_stage_geometry_0025,replace_prior,3,off_by_one,False,True,0.8035365812585696,0.5269890470994533,False,1
3hop_multi_stage_geometry_0025,branch_and_pick,3,off_by_one,False,False,0.9995347137867108,0.8989257188158145,True,2
2hop_fractions_0009,baseline,2,wrong_percentage_base,False,False,0.999999965206526,0.5004210421412736,True,0
2hop_fractions_0009,reprompt,2,wrong_percentage_base,False,False,0.999999965206526,0.5004210421412736,True,1
2hop_fractions_0009,replace_prior,2,wrong_percentage_base,False,False,0.0019611397501088,0.001401629413065,False,1
2hop_fractions_0009,branch_and_pick,2,wrong_percentage_base,False,False,0.999999981318044,0.5004210501970325,True,1
2hop_rate_distance_0026,baseline,2,wrong_operator,False,False,0.9999998649115388,0.5025361905578438,True,0
2hop_rate_distance_0026,reprompt,2,wrong_operator,False,False,0.9999998649115388,0.5025361905578438,True,1
2hop_rate_distance_0026,replace_prior,2,wrong_operator,True,False,0.0050725162041488,0.0034125111028526,False,1
2hop_rate_distance_0026,branch_and_pick,2,wrong_operator,False,False,0.9999999302624412,0.502536223233295,True,1
planning_budget_0018,baseline,4,constraint_violation,False,False,0.9996861846310624,0.6248839655730085,True,0
planning_budget_0018,reprompt,4,constraint_violation,False,False,0.9996861846310624,0.6248839655730085,True,2
planning_budget_0018,replace_prior,4,constraint_violation,False,False,0.5017739416140564,0.2773133143117825,False,1
planning_budget_0018,branch_and_pick,4,constraint_violation,False,False,0.9997315068331488,0.6205254880221776,True,2
4hop_multi_stage_allocation_0020,baseline,4,off_by_one,False,False,0.9999995837192036,0.7500573477851877,True,0
4hop_multi_stage_allocation_0020,reprompt,4,off_by_one,False,False,0.9999995837192036,0.7500573477851877,True,3
4hop_multi_stage_allocation_0020,replace_prior,4,off_by_one,False,False,0.0192684008129281,0.0121270213307084,False,1
4hop_multi_stage_allocation_0020,branch_and_pick,4,off_by_one,False,False,0.9999990072674426,0.7502584777458794,True,3
3hop_multi_stage_geometry_0000,baseline,3,off_by_one,False,False,0.9805534802771522,0.9076917030612516,True,0
3hop_multi_stage_geometry_0000,reprompt,3,off_by_one,False,False,0.9805534802771522,0.9076917030612516,True,1
3hop_multi_stage_geometry_0000,replace_prior,3,off_by_one,False,False,0.982662982167264,0.9083948703579556,True,1
3hop_multi_stage_geometry_0000,branch_and_pick,3,off_by_one,False,False,0.9898173569221954,0.9107796619429326,True,1
2hop_rate_distance_0011,baseline,2,wrong_operator,False,False,0.9999996862862204,0.5035122811005073,True,0
2hop_rate_distance_0011,reprompt,2,wrong_operator,False,False,0.9999996862862204,0.5035122811005073,True,1
2hop_rate_distance_0011,replace_prior,2,wrong_operator,False,False,0.0070248759147941,0.0059668155549408,False,1
2hop_rate_distance_0011,branch_and_pick,2,wrong_operator,False,False,0.9999999963892752,0.5035124361520347,True,1
2hop_percentage_0000,baseline,2,off_by_one,False,False,0.9999993462042523,0.5129188743446512,True,0
2hop_percentage_0000,reprompt,2,off_by_one,False,False,0.9999993462042523,0.5129188743446512,True,1
2hop_percentage_0000,replace_prior,2,off_by_one,False,False,0.1369383240281796,0.0813883632566147,False,1
2hop_percentage_0000,branch_and_pick,2,off_by_one,False,False,0.9999994582501976,0.5129189303676238,True,1
2hop_arithmetic_0034,baseline,2,wrong_percentage_base,False,False,0.999999996546485,0.6968010113343084,True,0
2hop_arithmetic_0034,reprompt,2,wrong_percentage_base,False,False,0.999999996546485,0.6968010113343084,True,1
2hop_arithmetic_0034,replace_prior,2,wrong_percentage_base,False,False,0.558832669082249,0.4762173476021903,False,1
2hop_arithmetic_0034,branch_and_pick,2,wrong_percentage_base,False,False,0.9999999999838416,0.6968010130529867,True,1
3hop_percentage_chain_0006,baseline,3,wrong_operator,False,False,0.9999999981181108,0.6667635321866395,True,0
3hop_percentage_chain_0006,reprompt,3,wrong_operator,False,False,0.9999999981181108,0.6667635321866395,True,2
3hop_percentage_chain_0006,replace_prior,3,wrong_operator,False,False,0.0080821685950765,0.0044459884049816,False,1
3hop_percentage_chain_0006,branch_and_pick,3,wrong_operator,False,False,0.9999999983426032,0.6667765965555729,True,2
2hop_fractions_0048,baseline,2,magnitude_error,False,False,0.999999922946366,0.5003608540789937,True,0
2hop_fractions_0048,reprompt,2,magnitude_error,False,False,0.999999922946366,0.5003608540789937,True,1
2hop_fractions_0048,replace_prior,2,magnitude_error,False,True,0.0018036935454012,0.0012627393785112,False,1
2hop_fractions_0048,branch_and_pick,2,magnitude_error,False,False,0.9999999995437904,0.5003608923777058,True,1
4hop_compound_interest_0002,baseline,4,wrong_unit,False,False,0.9999999999811856,0.7499768795292159,True,0
4hop_compound_interest_0002,reprompt,4,wrong_unit,False,False,0.9999999999811856,0.7499768795292159,True,3
4hop_compound_interest_0002,replace_prior,4,wrong_unit,False,False,0.5729790009585638,0.1795360246134736,False,1
4hop_compound_interest_0002,branch_and_pick,4,wrong_unit,False,False,0.9999999998867192,0.7498296822131285,True,3
4hop_multi_stage_allocation_0006,baseline,4,wrong_operator,False,False,0.9999999973988944,0.7516697709093807,True,0
4hop_multi_stage_allocation_0006,reprompt,4,wrong_operator,False,False,0.9999999973988944,0.7516697709093807,True,3
4hop_multi_stage_allocation_0006,replace_prior,4,wrong_operator,False,False,0.0114590334352325,0.0060611413752366,False,1
4hop_multi_stage_allocation_0006,branch_and_pick,4,wrong_operator,False,False,0.9999999885309124,0.7517422277429571,True,3
3hop_percentage_chain_0020,baseline,3,off_by_one,False,True,0.999997661666094,0.6459934006871405,True,0
3hop_percentage_chain_0020,reprompt,3,off_by_one,False,False,0.999997661666094,0.6459934006871405,True,1
3hop_percentage_chain_0020,replace_prior,3,off_by_one,False,False,0.9997279946838245,0.6459035116930507,True,1
3hop_percentage_chain_0020,branch_and_pick,3,off_by_one,False,True,0.9999987289938852,0.6459937564630709,True,1
3hop_compound_rate_0026,baseline,3,wrong_operator,False,False,0.6950856447151376,0.3860197559846561,False,0
3hop_compound_rate_0026,reprompt,3,wrong_operator,False,False,0.6950856447151376,0.3860197559846561,False,0
3hop_compound_rate_0026,replace_prior,3,wrong_operator,False,False,0.6950856447151376,0.3860197559846561,False,0
3hop_compound_rate_0026,branch_and_pick,3,wrong_operator,False,False,0.6950856447151376,0.3860197559846561,False,0
2hop_percentage_0031,baseline,2,wrong_operator,False,False,0.999999905882611,0.5152408487433111,True,0
2hop_percentage_0031,reprompt,2,wrong_operator,False,False,0.999999905882611,0.5152408487433111,True,1
2hop_percentage_0031,replace_prior,2,wrong_operator,False,False,0.350375197942198,0.1904284947731046,False,1
2hop_percentage_0031,branch_and_pick,2,wrong_operator,False,False,0.9999999579259766,0.5152408747649939,True,1
2hop_rate_distance_0035,baseline,2,off_by_one,True,False,0.0277688320433757,0.0174843510734144,False,0
2hop_rate_distance_0035,reprompt,2,off_by_one,True,False,0.0277688320433757,0.0174843510734144,False,0
2hop_rate_distance_0035,replace_prior,2,off_by_one,True,False,0.0277688320433757,0.0174843510734144,False,0
2hop_rate_distance_0035,branch_and_pick,2,off_by_one,True,False,0.0277688320433757,0.0174843510734144,False,0
2hop_rate_distance_0003,baseline,2,magnitude_error,False,False,0.7771162894680949,0.4490525708213408,False,0
2hop_rate_distance_0003,reprompt,2,magnitude_error,False,False,0.7771162894680949,0.4490525708213408,False,0
2hop_rate_distance_0003,replace_prior,2,magnitude_error,False,False,0.7771162894680949,0.4490525708213408,False,0
2hop_rate_distance_0003,branch_and_pick,2,magnitude_error,False,False,0.7771162894680949,0.4490525708213408,False,0
3hop_percentage_chain_0030,baseline,3,off_by_one,False,True,0.9999999623162108,0.6669885300760822,True,0
3hop_percentage_chain_0030,reprompt,3,off_by_one,False,False,0.9999999623162108,0.6669885300760822,True,2
3hop_percentage_chain_0030,replace_prior,3,off_by_one,False,False,0.2029026160979136,0.1024648685776555,False,1
3hop_percentage_chain_0030,branch_and_pick,3,off_by_one,False,False,0.999999963338572,0.6670960585597167,True,2
3hop_multi_stage_geometry_0022,baseline,3,wrong_unit,False,False,0.9998347820166246,0.8662901178513053,True,0
3hop_multi_stage_geometry_0022,reprompt,3,wrong_unit,False,False,0.9998347820166246,0.8662901178513053,True,2
3hop_multi_stage_geometry_0022,replace_prior,3,wrong_unit,False,False,0.6089669514203093,0.3634721514319872,False,1
3hop_multi_stage_geometry_0022,branch_and_pick,3,wrong_unit,False,False,0.9992016768664064,0.8639681519495729,True,2
2hop_arithmetic_0000,baseline,2,off_by_one,False,False,0.0045135047881274,0.0025023370309233,False,0
2hop_arithmetic_0000,reprompt,2,off_by_one,False,False,0.0045135047881274,0.0025023370309233,False,0
2hop_arithmetic_0000,replace_prior,2,off_by_one,False,False,0.0045135047881274,0.0025023370309233,False,0
2hop_arithmetic_0000,branch_and_pick,2,off_by_one,False,False,0.0045135047881274,0.0025023370309233,False,0
4hop_compound_interest_0013,baseline,4,magnitude_error,False,False,0.9999999506051483,0.7499543488249343,True,0
4hop_compound_interest_0013,reprompt,4,magnitude_error,False,False,0.9999999506051483,0.7499543488249343,True,3
4hop_compound_interest_0013,replace_prior,4,magnitude_error,False,False,0.001972098333195,0.0007050989145531,False,1
4hop_compound_interest_0013,branch_and_pick,4,magnitude_error,False,False,0.9999997219362852,0.7495031813072672,True,3
4hop_compound_interest_0012,baseline,4,wrong_unit,False,False,0.999999999925594,0.7499660419756826,True,0
4hop_compound_interest_0012,reprompt,4,wrong_unit,False,False,0.999999999925594,0.7499660419756826,True,3
4hop_compound_interest_0012,replace_prior,4,wrong_unit,False,False,0.9999998156066224,0.7487501952989101,True,3
4hop_compound_interest_0012,branch_and_pick,4,wrong_unit,False,False,0.999999999448424,0.7499802325373679,True,3
3hop_compound_rate_0027,baseline,3,wrong_unit,False,False,0.9991709705351642,0.665478659607646,True,0
3hop_compound_rate_0027,reprompt,3,wrong_unit,False,False,0.9991709705351642,0.665478659607646,True,2
3hop_compound_rate_0027,replace_prior,3,wrong_unit,False,False,0.4476414949818394,0.1529836027869437,False,1
3hop_compound_rate_0027,branch_and_pick,3,wrong_unit,False,False,0.9995429799105536,0.6654689641196503,True,2
4hop_multi_stage_geometry_4_0007,baseline,4,wrong_unit,False,False,0.990476525410185,0.9098291848139904,True,0
4hop_multi_stage_geometry_4_0007,reprompt,4,wrong_unit,False,False,0.990476525410185,0.9098291848139904,True,2
4hop_multi_stage_geometry_4_0007,replace_prior,4,wrong_unit,False,False,0.9967809777548104,0.8960944532169138,True,2
4hop_multi_stage_geometry_4_0007,branch_and_pick,4,wrong_unit,False,False,0.9857759662552028,0.9047926451236724,True,2
2hop_percentage_0041,baseline,2,wrong_operator,False,False,0.99999997105322,0.5372188899430017,True,0
2hop_percentage_0041,reprompt,2,wrong_operator,False,False,0.99999997105322,0.5372188899430017,True,1
2hop_percentage_0041,replace_prior,2,wrong_operator,False,False,0.4278203881221908,0.2511290984774872,False,1
2hop_percentage_0041,branch_and_pick,2,wrong_operator,False,False,0.9999999989548384,0.537218903893811,True,1
3hop_compound_rate_0037,baseline,3,wrong_unit,False,False,0.9995883440375812,0.6672526761532427,True,0
3hop_compound_rate_0037,reprompt,3,wrong_unit,False,False,0.9995883440375812,0.6672526761532427,True,2
3hop_compound_rate_0037,replace_prior,3,wrong_unit,False,False,0.5897782012041426,0.3554707957647704,False,1
3hop_compound_rate_0037,branch_and_pick,3,wrong_unit,False,False,0.9994385147221096,0.6671675349019308,True,2
planning_budget_0003,baseline,4,constraint_violation,False,False,0.9996861846310624,0.6248839655730085,True,0
planning_budget_0003,reprompt,4,constraint_violation,False,False,0.9996861846310624,0.6248839655730085,True,2
planning_budget_0003,replace_prior,4,constraint_violation,False,False,0.5017739416140564,0.2773133143117825,False,1
planning_budget_0003,branch_and_pick,4,constraint_violation,False,False,0.9994625943180672,0.6218524626393362,True,2
2hop_arithmetic_0046,baseline,2,wrong_operator,False,False,0.9999999909869918,0.766015566106828,True,0
2hop_arithmetic_0046,reprompt,2,wrong_operator,False,False,0.9999999909869918,0.766015566106828,True,1
2hop_arithmetic_0046,replace_prior,2,wrong_operator,False,False,0.9999245780792152,0.7659778596529396,True,1
2hop_arithmetic_0046,branch_and_pick,2,wrong_operator,False,False,0.9999999754897304,0.7660155583581973,True,1
3hop_compound_rate_0023,baseline,3,magnitude_error,False,False,0.99992995864441,0.6687160916371283,True,0
3hop_compound_rate_0023,reprompt,3,magnitude_error,False,False,0.99992995864441,0.6687160916371283,True,2
3hop_compound_rate_0023,replace_prior,3,magnitude_error,False,False,0.3539148113076411,0.2002846302683139,False,1
3hop_compound_rate_0023,branch_and_pick,3,magnitude_error,False,False,0.99984327831706,0.6680574278830614,True,2
4hop_multi_stage_allocation_0001,baseline,4,wrong_operator,False,False,0.9999999969797452,0.750750891003304,True,0
4hop_multi_stage_allocation_0001,reprompt,4,wrong_operator,False,False,0.9999999969797452,0.750750891003304,True,3
4hop_multi_stage_allocation_0001,replace_prior,4,wrong_operator,False,False,0.0295858259754615,0.0171115539145644,False,1
4hop_multi_stage_allocation_0001,branch_and_pick,4,wrong_operator,False,False,0.9999999928908576,0.7508089111521148,True,3
3hop_compound_rate_0004,baseline,3,wrong_percentage_base,False,False,0.9998750098087292,0.6669286822084163,True,0
3hop_compound_rate_0004,reprompt,3,wrong_percentage_base,False,False,0.9998750098087292,0.6669286822084163,True,2
3hop_compound_rate_0004,replace_prior,3,wrong_percentage_base,False,False,0.1467339381487448,0.0661418259351556,False,1
3hop_compound_rate_0004,branch_and_pick,3,wrong_percentage_base,False,False,0.9996921920621205,0.6667012372664524,True,2
3hop_multi_stage_geometry_0008,baseline,3,magnitude_error,False,False,0.9999955287269248,0.9685393540822228,True,0
3hop_multi_stage_geometry_0008,reprompt,3,magnitude_error,False,False,0.9999955287269248,0.9685393540822228,True,2
3hop_multi_stage_geometry_0008,replace_prior,3,magnitude_error,False,False,0.9403580206653794,0.681565778485289,False,1
3hop_multi_stage_geometry_0008,branch_and_pick,3,magnitude_error,False,False,0.9999475117152472,0.9684414705619102,True,2
2hop_counting_0013,baseline,2,magnitude_error,False,False,0.9999415532595096,0.5007948361072547,True,0
2hop_counting_0013,reprompt,2,magnitude_error,False,False,0.9999415532595096,0.5007948361072547,True,1
2hop_counting_0013,replace_prior,2,magnitude_error,False,False,0.0016481189549997,0.0012278584027951,False,1
2hop_counting_0013,branch_and_pick,2,magnitude_error,False,False,0.9999964104861292,0.5008222647205646,True,1
2hop_counting_0038,baseline,2,magnitude_error,False,False,0.9999516224150092,0.5107471261941932,True,0
2hop_counting_0038,reprompt,2,magnitude_error,False,False,0.9999516224150092,0.5107471261941932,True,1
2hop_counting_0038,replace_prior,2,magnitude_error,False,False,0.9947642060994224,0.5081534180363998,True,1
2hop_counting_0038,branch_and_pick,2,magnitude_error,False,False,0.9999923711465966,0.5107675005599868,True,1
2hop_fractions_0035,baseline,2,off_by_one,False,False,0.0073836919325461,0.0040466661909382,False,0
2hop_fractions_0035,reprompt,2,off_by_one,False,False,0.0073836919325461,0.0040466661909382,False,0
2hop_fractions_0035,replace_prior,2,off_by_one,False,False,0.0073836919325461,0.0040466661909382,False,0
2hop_fractions_0035,branch_and_pick,2,off_by_one,False,False,0.0073836919325461,0.0040466661909382,False,0
2hop_fractions_0020,baseline,2,off_by_one,False,False,0.014388133148058,0.0111987815292546,False,0
2hop_fractions_0020,reprompt,2,off_by_one,False,False,0.014388133148058,0.0111987815292546,False,0
2hop_fractions_0020,replace_prior,2,off_by_one,False,False,0.014388133148058,0.0111987815292546,False,0
2hop_fractions_0020,branch_and_pick,2,off_by_one,False,False,0.014388133148058,0.0111987815292546,False,0
4hop_multi_stage_geometry_4_0016,baseline,4,wrong_operator,True,False,0.9999999980044214,0.9877845676548114,True,0
4hop_multi_stage_geometry_4_0016,reprompt,4,wrong_operator,False,False,0.9999999980044214,0.9877845676548114,True,3
4hop_multi_stage_geometry_4_0016,replace_prior,4,wrong_operator,False,False,0.9999797856787076,0.9862926510546088,True,3
4hop_multi_stage_geometry_4_0016,branch_and_pick,4,wrong_operator,False,False,0.9999999996899172,0.9877845702400472,True,3
2hop_arithmetic_0018,baseline,2,magnitude_error,False,False,0.9991843406422276,0.5140848993116386,True,0
2hop_arithmetic_0018,reprompt,2,magnitude_error,False,False,0.9991843406422276,0.5140848993116386,True,1
2hop_arithmetic_0018,replace_prior,2,magnitude_error,True,True,0.1129524338571573,0.0709689459191035,False,1
2hop_arithmetic_0018,branch_and_pick,2,magnitude_error,False,False,0.9999231344595808,0.5144542962203152,True,1
3hop_multi_stage_geometry_0033,baseline,3,magnitude_error,False,False,0.999952282457637,0.9526950982610982,True,0
3hop_multi_stage_geometry_0033,reprompt,3,magnitude_error,False,False,0.999952282457637,0.9526950982610982,True,2
3hop_multi_stage_geometry_0033,replace_prior,3,magnitude_error,False,False,0.8756422746070338,0.6819487061501092,False,1
3hop_multi_stage_geometry_0033,branch_and_pick,3,magnitude_error,False,False,0.9995814976752446,0.9518970722242132,True,2
4hop_compound_interest_0010,baseline,4,off_by_one,False,False,0.9999999982586358,0.7498131130229254,True,0
4hop_compound_interest_0010,reprompt,4,off_by_one,False,False,0.9999999982586358,0.7498131130229254,True,3
4hop_compound_interest_0010,replace_prior,4,off_by_one,False,False,0.7826505776361723,0.2201370618244677,False,1
4hop_compound_interest_0010,branch_and_pick,4,off_by_one,False,False,0.999999988070062,0.7494914281503744,True,3
4hop_multi_stage_allocation_0019,baseline,4,wrong_percentage_base,False,False,0.999999988923238,0.7515347428984502,True,0
4hop_multi_stage_allocation_0019,reprompt,4,wrong_percentage_base,False,False,0.999999988923238,0.7515347428984502,True,3
4hop_multi_stage_allocation_0019,replace_prior,4,wrong_percentage_base,False,False,0.0546328618163737,0.0218517921595992,False,1
4hop_multi_stage_allocation_0019,branch_and_pick,4,wrong_percentage_base,False,False,0.999999972284626,0.7515560371377465,True,3
