base_id,condition,label,hop_depth,error_type,peak_entropy,mean_entropy,early_entropy,min_confidence,mean_vocab_gap,logprob_uncertainty,hedged,hedge_count,overconfident,overconf_count,verbalized_conf,is_absurd,final_correct_clean,final_correct_error,final_degraded,prompt_len,n_tokens_gen,generated_text
planning_budget_0002,clean,0,4,,1.6640625,0.23793135775592064,0.20980160843202925,0.314453125,0.8399674786245035,0.12781585880331894,False,0,False,0,,True,False,False,False,146,73,"Since the maximum limit per department is 200, you can only allocate 200 to HR, even though they requested 250. Therefore, 200 is allocated to HR. The remaining budget is then 350 (from the previous step) minus 200, which equals 150.
"
planning_budget_0002,error_standard,1,4,constraint_violation,1.6640625,0.23793135775592064,0.20980160843202925,0.314453125,0.8399674786245035,0.12781585880331894,False,0,False,0,,True,False,False,False,146,73,"Since the maximum limit per department is 200, you can only allocate 200 to HR, even though they requested 250. Therefore, 200 is allocated to HR. The remaining budget is then 350 (from the previous step) minus 200, which equals 150.
"
planning_budget_0002,error_verbalized,1,4,constraint_violation,1.9921875,0.3414411490578676,0.2591683418557233,0.341796875,0.8296847489782497,0.1514375198789016,False,0,False,0,,False,False,False,False,190,32,"The maximum limit per department is 200, so even though HR requested 250, only 200 can be allocated to them.

"
2hop_fractions_0039,clean,0,2,,1.5390625,0.24294638028921034,0.2942160135418689,0.5,0.8492651879451362,0.114149336070572,False,0,False,0,,True,False,False,False,127,35,"Since there were originally 16 slices and 6 slices have been eaten, the number of slices remaining is 16 - 6 = 10 slices. 

"
2hop_fractions_0039,error_standard,1,2,wrong_percentage_base,1.796875,0.4570107749068822,0.2811684827682278,0.369140625,0.7252834625301405,0.2257725195523997,False,0,False,0,,False,False,False,False,129,50,"Since the biscuit was initially cut into 16 equal slices and a total of 6 slices were eaten (not 60, as previously stated), we need to calculate how many slices remain and what fraction of the biscuit that represents.

"
2hop_fractions_0039,error_verbalized,1,2,wrong_percentage_base,1.90625,0.41919122009942966,0.6138705774857953,0.3046875,0.7629021047622732,0.1990768824819828,False,0,False,0,,False,False,False,False,173,51,"There seems to be a mistake in the previous calculation. Since the biscuit is cut into 16 equal slices and 3 people each eat 2 slices, the total number of slices eaten is 3 * 2 = 6 slices. 

"
2hop_fractions_0032,clean,0,2,,1.5703125,0.28609342167206764,0.21639166294831633,0.330078125,0.8027658444511652,0.15222739460544474,False,0,False,0,,False,False,True,False,124,26,"Since the pizza was originally cut into 10 equal slices and 9 slices have been eaten, 1 slice remains. 

"
2hop_fractions_0032,error_standard,1,2,wrong_unit,2.21875,0.4157117166544733,0.2686282572897383,0.279296875,0.7698939102969939,0.19518265162639842,False,0,False,0,,False,False,True,False,126,46,"Since the pizza was initially cut into 10 equal slices and a total of 9 slices were eaten (not 90, as there are only 10 slices in total), we need to correct the previous step:

"
2hop_fractions_0032,error_verbalized,1,2,wrong_unit,2.484375,0.5720865332510915,0.5356704771897057,0.2265625,0.6936569956237838,0.25532924851781225,False,0,False,0,,False,False,True,False,170,77,"It seems there was a mistake in the previous calculation. Since the pizza is cut into 10 slices and 3 people each eat 3 slices, the maximum number of slices that can be eaten is 9 (since there are only 10 slices in total and 3 people eating 3 slices each would exceed the total if not corrected for the total slices available). 

"
3hop_multi_stage_geometry_0006,clean,0,3,,1.390625,0.25539383771315777,0.33984135890568723,0.365234375,0.783632293955836,0.15337476716923176,False,0,False,0,,False,False,False,False,150,54,"Answer: Each tile covers an area of 1 m². Therefore, 21 tiles cover an area of 21 × 1 = 21 m². So, the area already covered by the tiles is 21 m².
"
3hop_multi_stage_geometry_0006,error_standard,1,3,wrong_operator,1.2578125,0.2570704953407358,0.24840589542404815,0.447265625,0.8473263302951208,0.1099746057673352,False,0,False,0,,False,False,False,False,148,40,"The area already covered by the 21 existing tiles is 21 m², since each tile is 1 m × 1 m, which means each tile covers 1 m².

"
3hop_multi_stage_geometry_0006,error_verbalized,1,3,wrong_operator,1.3828125,0.2727802624697155,0.23552665491770314,0.3984375,0.8134032797757198,0.1358566306012852,False,0,False,0,,False,False,False,False,192,29,"The area already covered by the 21 existing tiles is 21 m² since each tile is 1 m × 1 m.

"
4hop_multi_stage_allocation_0017,clean,0,4,,1.34375,0.25047802396520413,0.24850100239285525,0.484375,0.8163462693546693,0.13113894280439795,False,0,False,0,,False,False,False,False,163,33,"After spending 25% on salaries, $750 remains. Then, 30% of the remaining $750 is spent on equipment.

"
4hop_multi_stage_allocation_0017,error_standard,1,4,wrong_unit,1.3203125,0.18813294842312986,0.1779595742023375,0.5234375,0.8837829465954677,0.07748463214414388,False,0,False,0,,True,False,False,False,162,46,"After spending 25% on salaries, the hospital has $1000 - $250 = $750 left (since $1000 × 25% = $250).

"
4hop_multi_stage_allocation_0017,error_verbalized,1,4,wrong_unit,1.875,0.3066247861583851,0.338520907786824,0.296875,0.8277756932158219,0.13841908864918634,False,0,False,0,,True,False,False,False,206,114,"After spending 25% on salaries, the hospital has $750 left from the original $1000 (since $1000 - $250 = $750, not $7500 as previously stated). Then, 30% of the remaining $750 is spent on equipment, which is $750 * 30% = $225. Therefore, after spending on equipment, the hospital has $750 - $225 = $525 left.

"
3hop_compound_rate_0007,clean,0,3,,0.67578125,0.054698007093548995,0.052753561332679055,0.62109375,0.9626824354965499,0.023943187464302806,False,0,False,0,,False,False,False,False,172,32,"Answer: 120 ÷ 60 = 2 hours = 120 minutes. The second leg takes 120 minutes.

"
3hop_compound_rate_0007,error_standard,1,3,wrong_unit,1.6640625,0.505670166015625,0.505670166015625,0.396484375,0.7125242054462433,0.2362304941401306,False,0,False,0,,False,False,False,False,163,20,"To calculate the time taken for the second leg of the trip, we need to use the formula:

"
3hop_compound_rate_0007,error_verbalized,1,3,wrong_unit,1.5625,0.21009679684060042,0.2534733554349259,0.3515625,0.8666934112244772,0.10461291059558554,False,0,False,0,,False,False,False,False,207,56,"The first leg of the trip takes 80 km / 80 km/h = 1 hour = 60 minutes. For the second leg, it takes 120 km / 60 km/h = 2 hours = 120 minutes.

"
2hop_fractions_0005,clean,0,2,,1.734375,0.282974549922789,0.37624011067427654,0.408203125,0.8287855566551098,0.1384770011943631,False,0,False,0,,True,False,False,False,127,35,"Since 2 slices have been eaten out of the original 16 slices, the number of slices remaining is 16 - 2 = 14 slices. 

"
2hop_fractions_0005,error_standard,1,2,off_by_one,1.4296875,0.27959942864285886,0.353514594374278,0.3515625,0.822952958713552,0.14309280264481056,False,0,False,0,,True,False,False,False,127,35,"Since 3 slices have been eaten out of the original 16 slices, the number of slices remaining is 16 - 3 = 13 slices. 

"
2hop_fractions_0005,error_verbalized,1,2,off_by_one,1.765625,0.2970158295730629,0.3582939429594485,0.359375,0.8163342984852313,0.14903835228868137,False,0,False,0,,True,False,False,False,171,34,"Since 3 slices are eaten out of the total 16 slices, the number of slices remaining is 16 - 3 = 13 slices. 

"
4hop_nested_fractions_0019,clean,0,4,,1.578125,0.28419887975734826,0.24452920444309711,0.302734375,0.8231179728900315,0.14113049239340195,False,0,False,0,,False,True,True,False,168,34,"To find out how many of the passing widgets are premium quality, we take the number of widgets that pass quality control and multiply it by the fraction that are premium quality.

"
4hop_nested_fractions_0019,error_standard,1,4,wrong_percentage_base,1.625,0.21097886844152983,0.16948223924826564,0.388671875,0.8726002794707423,0.1020398824459801,False,0,False,0,,False,True,True,False,170,24,"Out of the 1600 widgets that pass quality control, 2/3 are of premium quality. 

"
4hop_nested_fractions_0019,error_verbalized,1,4,wrong_percentage_base,1.4140625,0.216992905344379,0.1537495526489238,0.51953125,0.88057232176338,0.09010499443702728,False,0,False,0,,False,True,True,False,214,24,"Out of the 1600 widgets that pass quality control, 2/3 are of premium quality. 

"
2hop_rate_distance_0038,clean,0,2,,1.0546875,0.13217422882064156,0.15430188447866158,0.66796875,0.9271351285911742,0.04784260537096415,False,0,False,0,,False,False,False,False,126,32,"To convert the travel time from hours to minutes, we multiply the number of hours by 60 (since there are 60 minutes in an hour).

"
2hop_rate_distance_0038,error_standard,1,2,magnitude_error,1.5,0.15901588610142348,0.195956151123778,0.36328125,0.9071219373092136,0.07196027200027406,False,0,False,0,,False,False,False,False,128,32,"To convert the travel time from hours to minutes, we multiply the number of hours by 60 (since there are 60 minutes in an hour).

"
2hop_rate_distance_0038,error_verbalized,1,2,magnitude_error,1.3671875,0.35676869431205205,0.49448854127476805,0.462890625,0.7999992891433351,0.1537036806163832,False,0,False,0,,False,False,False,False,172,40,"The trip takes 3 hours, not 30 hours as previously stated. To convert hours to minutes, we multiply by 60 (since there are 60 minutes in an hour).

"
3hop_percentage_chain_0047,clean,0,3,,0.97265625,0.24694021937282493,0.18374361631010744,0.60546875,0.8322352299078465,0.1090214802191029,False,0,False,0,,False,False,False,False,161,22,"To find the 15% sales tax on the discounted price of $105, we calculate:

"
3hop_percentage_chain_0047,error_standard,1,3,wrong_unit,1.8046875,0.3545646518343446,0.4323471898302159,0.25,0.7331802193553495,0.21096780807892732,False,0,False,0,,True,False,False,False,149,56,"The discounted price of the scarf is $150 - $45 (which is 30% of $150), so the price after the discount is $105. Now, to find the 15% sales tax on the discounted price:

"
3hop_percentage_chain_0047,error_verbalized,1,3,wrong_unit,2.109375,0.2909267720838082,0.39571993094286884,0.244140625,0.8219199495981234,0.1504501363035377,False,0,False,0,,True,False,False,False,193,68,"The discounted price of the scarf is actually $150 - ($150 * 30%) = $150 - $45 = $105. Then, the 15% sales tax on the discounted price is $105 * 15% = $15.75.

"
3hop_compound_rate_0018,clean,0,3,,0.6875,0.051620043791392886,0.014101666482257613,0.5625,0.9498919378804757,0.03158147784274467,False,0,False,0,,False,False,False,False,175,31,"Answer: 30 ÷ 30 = 1 hour = 60 minutes. The second leg takes 60 minutes.
"
3hop_compound_rate_0018,error_standard,1,3,magnitude_error,1.515625,0.5964169935746626,0.518949317932129,0.263671875,0.5981386845762079,0.3405785755137123,False,0,False,0,,False,False,False,False,169,22,"It looks like there was a mistake in the calculation for the first leg. Let's correct that and proceed.

"
3hop_compound_rate_0018,error_verbalized,1,3,magnitude_error,2.171875,0.5770670551159323,0.42879948632638615,0.322265625,0.6673380522481807,0.294828330938453,False,0,False,0,,False,False,False,False,213,35,"The second leg of the trip involves traveling 30 km at 30 km/h. To find the time taken, we use the formula time = distance/speed.

"
3hop_percentage_chain_0015,clean,0,3,,1.6328125,0.23830118939760042,0.11027883049700052,0.328125,0.8324824581119218,0.12960612711840208,False,0,False,0,,False,False,False,False,162,25,"To find the 10% sales tax on the discounted price of $37.50, you would calculate:

"
3hop_percentage_chain_0015,error_standard,1,3,off_by_one,1.3046875,0.17932139392912308,0.2620941652462534,0.369140625,0.8600241708067166,0.11038834070305018,False,0,False,0,,True,False,False,False,149,56,"After the 25% discount, the price of the scarf is $50 - ($50 * 25%) = $50 - $12.50 = $37.50, not $38.50 as previously stated.

"
3hop_percentage_chain_0015,error_verbalized,1,3,off_by_one,1.921875,0.24543007652412768,0.289564375363625,0.408203125,0.8523716410308773,0.11126087931293539,False,0,False,0,,True,False,False,False,193,69,"The price after the 25% discount is actually $50 - ($50 * 25%) = $50 - $12.50 = $37.50, not $38.50 as previously stated. Now, to calculate the 10% sales tax on the discounted price:

"
3hop_percentage_chain_0004,clean,0,3,,1.6796875,0.271816165027829,0.17840890228200337,0.310546875,0.8160636468837816,0.14785350744425568,False,0,False,0,,False,False,False,False,165,23,"To find the 10% sales tax on the discounted price of $170, you would calculate:

"
3hop_percentage_chain_0004,error_standard,1,3,wrong_percentage_base,1.734375,0.3225449547527205,0.30469486427175524,0.328125,0.7752601433407245,0.1834037044443898,False,0,False,0,,False,False,False,False,155,25,"The discounted price of the shoes is $200 \times 85\% = $170. 

"
3hop_percentage_chain_0004,error_verbalized,1,3,wrong_percentage_base,2.0,0.31843399615294593,0.21094030964909508,0.30859375,0.8019819777560006,0.15876274514712768,False,0,False,0,,False,False,False,False,199,38,"The discounted price of the shoes is $200 * 85% = $170. Now, to find the 10% sales tax on the discounted price:

"
4hop_nested_fractions_0015,clean,0,4,,1.578125,0.13034826073264072,0.18820965589334956,0.3828125,0.9159028813156548,0.07185297427216744,False,0,False,0,,False,True,False,True,168,34,"Answer: 3750 × 1/2 = 1875. 1875 of the passing widgets are premium quality.
"
4hop_nested_fractions_0015,error_standard,1,4,off_by_one,1.6953125,0.3389453215058893,0.44798085880465804,0.419921875,0.7873285925089866,0.1671237054298447,False,0,False,0,,False,True,False,True,168,28,"Out of the widgets that pass quality control, half are of premium quality. So, we calculate the number of premium quality widgets as follows:

"
4hop_nested_fractions_0015,error_verbalized,1,4,off_by_one,1.890625,0.43760520233107464,0.5440000714734197,0.380859375,0.7461023674997185,0.20303709025654923,False,0,False,0,,False,True,False,True,212,28,"Out of the widgets that pass quality control, half are of premium quality. So, we calculate the number of premium quality widgets as follows:

"
2hop_fractions_0003,clean,0,2,,1.609375,0.2255518379717748,0.266882229017434,0.412109375,0.8690025141741445,0.10310325784134508,False,0,False,0,,True,False,False,False,124,35,"Since there were originally 20 slices and 4 slices have been eaten, the number of slices remaining is 20 - 4 = 16 slices. 

"
2hop_fractions_0003,error_standard,1,2,magnitude_error,1.609375,0.2312659373440414,0.3076976812248233,0.412109375,0.8415004950167413,0.11710340272918904,False,0,False,0,,True,False,False,False,126,46,"Since the tart was initially cut into 20 equal slices and 4 people each ate 1 slice, a total of 4 slices were eaten. Therefore, 20 - 4 = 16 slices remain.

"
2hop_fractions_0003,error_verbalized,1,2,magnitude_error,1.53125,0.3654875895782483,0.562701799372735,0.52734375,0.8025660853507632,0.14523609355569417,False,0,False,0,,False,False,False,False,170,47,"It seems there was a mistake in the previous step. Since the tart is cut into 20 equal slices and 4 people each eat 1 slice, a total of 4 slices are eaten, not 40. 

"
4hop_compound_interest_0018,clean,0,4,,1.5546875,0.36159768896667094,0.22306451860968135,0.4296875,0.7662956229433846,0.18185845686574284,False,0,False,0,,False,False,False,False,136,37,"After the first year, the balance is $2100. For the second year, the interest is again 5% of the balance at the end of the first year.

"
4hop_compound_interest_0018,error_standard,1,4,magnitude_error,1.2578125,0.3827060127766648,0.4459134006378008,0.4765625,0.7460505398523612,0.19084035651701958,False,0,False,0,,False,False,False,False,135,30,"To find the balance after the second year, we need to apply the 5% annual interest to the balance at the end of the first year.

"
4hop_compound_interest_0018,error_verbalized,1,4,magnitude_error,2.15625,0.5489806217266715,0.7193065658211708,0.26171875,0.7083605241601546,0.25243916368246616,False,0,False,0,,False,False,False,False,179,78,"The balance after the first year is calculated by adding the interest to the initial investment. For the first year, the balance is $2000 + 5% of $2000 = $2000 + $100 = $2100. However, my previous response contained an error. Let's correct that and proceed to the second year.

"
2hop_arithmetic_0015,clean,0,2,,1.5859375,0.16755376029348498,0.23252800418064226,0.33203125,0.9078353011623551,0.07434436577776393,False,0,False,0,,True,True,False,True,141,50,"Answer: If Paul pays with a $45 bill for items that cost $30 in total, the change he receives is $45 - $30 = $15. So, Paul receives $15 in change.
"
2hop_arithmetic_0015,error_standard,1,2,off_by_one,1.5859375,0.291830747284823,0.2232100666500628,0.388671875,0.7997425019210722,0.14956362452001085,False,0,False,0,,False,True,False,True,141,27,"To find out how much change Paul receives, we need to subtract the total cost of the books from the amount he paid with. 

"
2hop_arithmetic_0015,error_verbalized,1,2,off_by_one,1.0,0.1916595250041633,0.1926537507042667,0.54296875,0.8686591801873413,0.09150472990753003,False,0,False,0,,True,True,False,True,185,39,"Paul pays a total of $31 for the books. If he pays with a $45 bill, the change he receives is $45 - $31 = $14.
"
3hop_compound_rate_0040,clean,0,3,,0.90234375,0.17919353232240454,0.19114932355768133,0.53125,0.8581314100902321,0.09194681018552381,False,0,False,0,,False,False,False,False,172,48,"Answer: The second leg also takes 80 ÷ 40 = 2 hours = 120 minutes, just like the first leg. So, the second leg takes 120 minutes as well.
"
3hop_compound_rate_0040,error_standard,1,3,off_by_one,2.0,0.4520018507990547,0.4027463973257909,0.3828125,0.7691044865433696,0.18663904595942493,False,0,False,0,,False,False,False,False,165,24,"The second leg of the trip is identical to the first leg, so it also takes the same amount of time. 

"
3hop_compound_rate_0040,error_verbalized,1,3,off_by_one,1.59375,0.32391354821754376,0.32657709173354305,0.515625,0.8322075827644905,0.13205381845925201,False,0,False,0,,False,False,False,False,209,35,"The time taken for the second leg of the trip, which is also 80 km at 40 km/h, will be the same as the first leg. 

"
2hop_rate_distance_0031,clean,0,2,,1.046875,0.13127233415095096,0.15048535173677066,0.671875,0.9239196651912727,0.04910343177856765,False,0,False,0,,False,False,False,False,128,32,"To convert the travel time from hours to minutes, we multiply the number of hours by 60 (since there are 60 minutes in an hour).

"
2hop_rate_distance_0031,error_standard,1,2,wrong_operator,1.9765625,0.40919457218627003,0.3226157635799609,0.302734375,0.7493731163159062,0.20759647324935054,False,0,False,0,,False,False,False,False,131,53,"To convert the travel time from hours to minutes, we need to remember that 1 hour equals 60 minutes. Since the trip takes 2 hours (not 100 hours, as previously stated), we can calculate the time in minutes as follows:

"
2hop_rate_distance_0031,error_verbalized,1,2,wrong_operator,2.09375,0.40012022449052936,0.6038407418644056,0.25390625,0.7913676997911824,0.18220485056727198,False,0,False,0,,False,False,False,False,175,68,"The trip takes 100 hours, but there seems to be a misunderstanding from the previous step. The correct calculation is 200 km / 100 km/h = 2 hours. To convert 2 hours into minutes, we multiply by 60 (since there are 60 minutes in an hour).

"
2hop_percentage_0009,clean,0,2,,1.7890625,0.22064331971938847,0.10862873369292174,0.38671875,0.8907517615486948,0.09893787651396836,False,0,False,0,,False,False,False,False,138,23,"To find out how much Jack saves, we need to calculate 40% of his total earnings from today.

"
2hop_percentage_0009,error_standard,1,2,wrong_percentage_base,1.65625,0.22520430244770503,0.11768856109611078,0.451171875,0.890535877461896,0.09707517563364847,False,0,False,0,,False,False,False,False,140,23,"To find out how much Jack saves, we need to calculate 40% of his total earnings from today.

"
2hop_percentage_0009,error_verbalized,1,2,wrong_percentage_base,1.390625,0.2946137050551951,0.31121976127280104,0.3984375,0.8332079986668711,0.13527506950267848,False,0,False,0,,False,False,False,False,184,36,"Jack saves 40% of his total earnings of $180. To find out how much that is, we calculate 40% of $180:

"
3hop_compound_rate_0012,clean,0,3,,0.53125,0.035247777642665755,0.023820397447724417,0.77734375,0.9789636751263739,0.012137856554498094,False,0,False,0,,False,False,False,False,175,29,"Answer: 60 ÷ 60 = 1 hour = 60 minutes. The second leg takes 60 minutes.

"
3hop_compound_rate_0012,error_standard,1,3,wrong_unit,1.6953125,0.6281622609784526,0.5744510650634765,0.39453125,0.6414399608489005,0.2863672162118202,False,0,False,0,,False,False,False,False,163,31,"To calculate the time taken for the second leg of the trip, we need to convert the speed and distance into time. The formula to calculate time is:

"
3hop_compound_rate_0012,error_verbalized,1,3,wrong_unit,2.5625,0.47783087535669083,0.2970051163011703,0.259765625,0.7435539260831159,0.2259001860331363,False,0,False,0,,False,False,False,False,207,70,"The first leg of the trip takes 100 km / 50 km/h = 2 hours. Since there are 60 minutes in an hour, the first leg takes 2 * 60 = 120 minutes. However, I made an error in the previous response by stating it takes 2 minutes. 

"
2hop_counting_0009,clean,0,2,,0.87890625,0.25829442610679415,0.19352121856409993,0.5859375,0.8154958074529487,0.11780954359206786,False,0,False,0,,False,False,False,False,132,28,"After 45 items are taken out from the total of 150 items, the number of items remaining can be calculated as:

"
2hop_counting_0009,error_standard,1,2,wrong_percentage_base,1.1015625,0.25326036945883623,0.15067459356224616,0.49609375,0.8156901141273685,0.12484188297878883,False,0,False,0,,False,False,False,False,134,29,"After 45 items are taken out from the total of 1500 items, the number of items remaining can be calculated as:

"
2hop_counting_0009,error_verbalized,1,2,wrong_percentage_base,2.234375,0.30008927356550136,0.440601069611148,0.322265625,0.8450599747199186,0.12784112490018862,False,0,False,0,,True,False,False,False,178,78,"Answer to Step 2: If the warehouse initially has 150 items (correcting the previous calculation, as 6 shelves with 25 items each would be 6*25=150, not 1500), and 45 items are taken out, then 150 - 45 = 105 items remain.
"
2hop_percentage_0025,clean,0,2,,1.90625,0.29348094265924535,0.12498674998392119,0.25390625,0.8022269181489222,0.16465904213823945,False,0,False,0,,False,False,False,False,136,44,"To find out how much Zoe saves, we need to calculate 25% of his total earnings. Since Zoe earns $120 in total today, we calculate 25% of $120.

"
2hop_percentage_0025,error_standard,1,2,off_by_one,1.6953125,0.3473098929553178,0.15268792708848195,0.359375,0.7865694171613724,0.16840578124551664,False,0,False,0,,False,False,False,False,136,64,"To find out how much Zoe saves, we need to calculate 25% of his total earnings for the day. We already know that Zoe earns a total of $120 today (not $121 as previously stated, since $15 per hour for 8 hours equals $120).

"
2hop_percentage_0025,error_verbalized,1,2,off_by_one,1.78125,0.3606537207202486,0.20405549741845733,0.384765625,0.7792609245827379,0.17128691709368032,False,0,False,0,,False,False,False,False,180,54,"Zoe's total earnings for the day are $15 x 8 = $120 (correcting the previous calculation). If she saves 25% of her earnings, then the amount saved is 25% of $120. 

"
4hop_nested_fractions_0000,clean,0,4,,1.4765625,0.11145649826519634,0.16049314030706513,0.44140625,0.9357095930962152,0.05642722326736507,False,0,False,0,,False,True,True,False,168,34,"Answer: 2000 × 1/2 = 1000. 1000 of the passing widgets are premium quality.
"
4hop_nested_fractions_0000,error_standard,1,4,off_by_one,1.609375,0.29132185954754275,0.29132185954754275,0.357421875,0.7970051739893294,0.15931880411776111,False,0,False,0,,False,True,True,False,168,20,"Out of the 2001 widgets that pass quality control, half are premium quality. 

"
4hop_nested_fractions_0000,error_verbalized,1,4,off_by_one,1.7890625,0.35922433384792235,0.306816217589585,0.357421875,0.8045410631486697,0.16240728464084456,False,0,False,0,,False,True,True,False,212,74,"Answer to Step 2: Of the 2001 widgets that pass quality control, half are premium quality. So, 2001 * 1/2 = 1000.5. Since we can't have half a widget, we'll round to the nearest whole number, which is 1000 premium quality widgets.
"
3hop_compound_rate_0030,clean,0,3,,0.86328125,0.17803873406167034,0.18566082351788965,0.58203125,0.8666738664894836,0.08468892228548286,False,0,False,0,,False,False,False,False,172,48,"Answer: The second leg also takes 80 ÷ 40 = 2 hours = 120 minutes, just like the first leg. So, the second leg takes 120 minutes as well.
"
3hop_compound_rate_0030,error_standard,1,3,off_by_one,1.9296875,0.44603644812195853,0.39947865014182754,0.3984375,0.7758387671385,0.17826845990757326,False,0,False,0,,False,False,False,False,165,24,"The second leg of the trip is identical to the first leg, so it also takes the same amount of time. 

"
3hop_compound_rate_0030,error_verbalized,1,3,off_by_one,1.6484375,0.3345362478660328,0.33982028997616,0.47265625,0.8286044773863068,0.13621101825350457,False,0,False,0,,False,False,False,False,209,35,"The time taken for the second leg of the trip, which is also 80 km at 40 km/h, will be the same as the first leg. 

"
2hop_fractions_0027,clean,0,2,,1.8125,0.22900368565081497,0.27276136395004896,0.3828125,0.858000712853588,0.10927392589706271,False,0,False,0,,True,False,False,False,124,35,"Since there were originally 20 slices and 9 slices have been eaten, the number of slices remaining is 20 - 9 = 11 slices. 

"
2hop_fractions_0027,error_standard,1,2,wrong_unit,1.9296875,0.4358780168246485,0.303592435942133,0.373046875,0.7225740289406942,0.2276072063021918,False,0,False,0,,False,False,False,False,126,51,"Since the tart was initially cut into 20 equal slices and a total of 9 slices (not 90, as previously stated) were eaten, we can calculate the number of slices remaining and then find the fraction of the tart that remains.

"
2hop_fractions_0027,error_verbalized,1,2,wrong_unit,2.0625,0.40240220875652266,0.5940979194966076,0.384765625,0.7642970658908039,0.192486341134738,False,0,False,0,,True,False,False,False,170,64,"There seems to be a mistake in the previous calculation. Since the tart is cut into 20 equal slices and only 3 people each eat 3 slices, a total of 3 * 3 = 9 slices are eaten. Therefore, 20 - 9 = 11 slices remain. 

"
3hop_percentage_chain_0038,clean,0,3,,1.171875,0.2386968704946536,0.18170718254411894,0.55078125,0.8390965442521476,0.10907549880010635,False,0,False,0,,False,False,False,False,161,22,"To find the 10% sales tax on the discounted price of $105, we calculate:

"
3hop_percentage_chain_0038,error_standard,1,3,magnitude_error,1.7421875,0.3428040227038259,0.40819823835731767,0.3046875,0.7441681367519511,0.203805860998566,False,0,False,0,,True,False,False,False,149,56,"The discounted price of the hat is $150 - $45 (which is 30% of $150), so the price after the discount is $105. Now, to find the 10% sales tax on the discounted price:

"
3hop_percentage_chain_0038,error_verbalized,1,3,magnitude_error,2.1875,0.27818217923476474,0.38440143454208736,0.2578125,0.8388725051413443,0.14125445791414873,False,0,False,0,,True,False,False,False,193,68,"The discounted price of the hat is actually $150 - ($150 * 30%) = $150 - $45 = $105. Then, the 10% sales tax on the discounted price is $105 * 10% = $10.50.

"
3hop_multi_stage_geometry_0035,clean,0,3,,1.609375,0.23414116716078212,0.25970048987098837,0.4140625,0.8591899854620183,0.10122395313304243,False,0,False,0,,False,False,False,False,148,54,"Each of the existing tiles is 2 m × 2 m, which means each tile covers an area of 4 m². With 9 tiles, the total area covered by these tiles is 9 × 4 m² = 36 m².

"
3hop_multi_stage_geometry_0035,error_standard,1,3,off_by_one,2.015625,0.43445652635441195,0.822236634750152,0.328125,0.7714639067848006,0.18221732081509512,False,0,False,0,,False,False,False,False,146,65,"It seems there might be a slight confusion in the details provided. If each tile is 2 m × 2 m, then each tile covers an area of 4 m². With 9 tiles, the total area covered by these tiles would be 9 × 4 m² = 36 m².

"
3hop_multi_stage_geometry_0035,error_verbalized,1,3,off_by_one,1.5,0.2162174362018136,0.28033390125601726,0.423828125,0.8565377212185338,0.10067495750563348,False,0,False,0,,False,False,False,False,190,42,"Each tile covers an area of 2 m × 2 m = 4 m². Therefore, 9 tiles cover an area of 9 × 4 m² = 36 m².

"
3hop_percentage_chain_0019,clean,0,3,,1.0390625,0.2555582456953713,0.1859968827649084,0.546875,0.827492605129046,0.11591862229415213,False,0,False,0,,False,False,False,False,161,22,"To find the 12% sales tax on the discounted price of $140, we calculate:

"
3hop_percentage_chain_0019,error_standard,1,3,wrong_percentage_base,1.5859375,0.2922619416164815,0.36655866556336036,0.31640625,0.8270827918387027,0.14321705276253408,False,0,False,0,,True,False,False,False,151,50,"The discounted price of the coat is $140 (since $200 - 30% of $200 = $200 - $60 = $140, not $60 as previously stated).

"
3hop_percentage_chain_0019,error_verbalized,1,3,wrong_percentage_base,1.71875,0.2810802114593116,0.21465610681140107,0.359375,0.8392207708020526,0.12326571517604461,False,0,False,0,,True,False,False,False,195,49,"The discounted price of the coat is $140 (since $200 - 30% of $200 = $140). Now, to find the 12% sales tax on the discounted price:

"
2hop_percentage_0033,clean,0,2,,1.7578125,0.23229128217624986,0.12242672254956233,0.34765625,0.8770948866585498,0.1109504968810401,False,0,False,0,,False,False,False,False,136,23,"To find out how much Henry saves, we need to calculate 10% of his total earnings from today.

"
2hop_percentage_0033,error_standard,1,2,magnitude_error,1.9296875,0.4323057683140178,0.15204016980685536,0.23828125,0.748248871882621,0.21995649928414512,True,1,False,0,,False,False,False,False,138,65,"To find out how much Henry saves, we need to calculate 10% of his total earnings from today. We already know that Henry earns a total of $108 today (assuming the previous calculation was meant to be $18 x 6 = $108, not $1080).

"
2hop_percentage_0033,error_verbalized,1,2,magnitude_error,1.40625,0.41065972967379294,0.41065972967379294,0.396484375,0.7425348451762247,0.21347449909959776,False,0,False,0,,False,False,False,False,182,19,"Henry saves 10% of his total earnings, which is $108. 

"
2hop_rate_distance_0030,clean,0,2,,1.140625,0.13706081311599932,0.15938775203180738,0.609375,0.9229048983441244,0.05253267912911609,False,0,False,0,,False,False,False,False,126,32,"To convert the travel time from hours to minutes, we multiply the number of hours by 60 (since there are 60 minutes in an hour).

"
2hop_rate_distance_0030,error_standard,1,2,off_by_one,0.98828125,0.12922519538032207,0.14479583537062127,0.703125,0.9296244794334805,0.046050502051099146,False,0,False,0,,False,False,False,False,126,32,"To convert the travel time from hours to minutes, we multiply the number of hours by 60 (since there are 60 minutes in an hour).

"
2hop_rate_distance_0030,error_verbalized,1,2,off_by_one,1.140625,0.17874619182099455,0.18845641431569504,0.6328125,0.892910977550801,0.07179425450091534,False,0,False,0,,False,False,False,False,170,36,"Answer: Since the trip takes 4 hours and there are 60 minutes in an hour, the trip takes 4 * 60 = 240 minutes.
"
4hop_nested_fractions_0021,clean,0,4,,1.671875,0.13388688290237613,0.19603088370853464,0.298828125,0.9151553765155442,0.07863349267244325,False,0,False,0,,False,True,True,False,168,34,"Answer: 3750 × 1/2 = 1875. 1875 of the passing widgets are premium quality.
"
4hop_nested_fractions_0021,error_standard,1,4,wrong_operator,1.7421875,0.5621642380952835,0.5178664304316044,0.380859375,0.7066370179876685,0.23326142162640096,False,0,False,0,,False,True,True,False,174,25,"It seems there was a misunderstanding in the calculation for the number of widgets that pass quality control. Let's correct that first:

"
4hop_nested_fractions_0021,error_verbalized,1,4,wrong_operator,2.203125,0.7207945691987468,0.6800410712808571,0.24609375,0.6198345428604265,0.3704997922861518,False,0,False,0,,False,True,True,False,218,27,"First, let's correct the initial calculation. 3/4 of 5000 widgets pass quality control, which means:

"
2hop_percentage_0042,clean,0,2,,1.84375,0.22944263798185305,0.11413979539788102,0.359375,0.8862454657867798,0.10548121575869719,False,0,False,0,,False,False,False,False,138,23,"To find out how much Quinn saves, we need to calculate 30% of her total earnings from today.

"
2hop_percentage_0042,error_standard,1,2,wrong_unit,1.671875,0.23434413831957163,0.12696646219250737,0.451171875,0.8804618246554474,0.10165068380973426,False,0,False,0,,False,False,False,False,140,23,"To find out how much Quinn saves, we need to calculate 30% of her total earnings from today.

"
2hop_percentage_0042,error_verbalized,1,2,wrong_unit,2.796875,0.5049877805030121,0.3510614154880738,0.1611328125,0.7239203965699259,0.2743068412951794,False,0,False,0,,False,False,False,False,184,87,"Quinn saves 30% of her total earnings of $250. However, there seems to be a typo in the previous calculation as it was stated that Quinn earns $25 per hour and works 10 hours today, which correctly calculates to $25 * 10 = $250, not $2500. So, correcting that, she earns $250 today. 

"
4hop_multi_stage_allocation_0024,clean,0,4,,1.3359375,0.24643671864104988,0.22143898769041498,0.44921875,0.8284641557450316,0.12254664579300342,False,0,False,0,,False,False,False,False,166,30,"After spending 20% on salaries, $4000 remains. Then, 25% of the remainder is spent on equipment:

"
4hop_multi_stage_allocation_0024,error_standard,1,4,wrong_percentage_base,1.2265625,0.18287417804326495,0.1662769674907846,0.53515625,0.8822128072550228,0.08002773522597106,False,0,False,0,,False,False,False,False,169,28,"After spending 20% on salaries, $5000 × 80% = $4000 remains. 

"
4hop_multi_stage_allocation_0024,error_verbalized,1,4,wrong_percentage_base,1.7421875,0.19710372231674186,0.1529491866260088,0.40625,0.8743117276339194,0.09345165145149281,False,0,False,0,,True,False,False,False,213,92,"After spending 20% on salaries, $5000 × 80% = $4000 remains. Then, 25% of the remainder ($4000) is spent on equipment, which is $4000 × 25% = $1000. Therefore, after spending on equipment, $4000 - $1000 = $3000 remains.

"
3hop_compound_rate_0038,clean,0,3,,1.21875,0.09215204709321076,0.02705529268054079,0.53515625,0.9468861409937811,0.03969276780498785,False,0,False,0,,False,False,False,False,175,31,"Answer: 80 ÷ 40 = 2 hours = 120 minutes. The second leg takes 120 minutes.

"
3hop_compound_rate_0038,error_standard,1,3,magnitude_error,1.375,0.40128952857727807,0.41741121406666937,0.439453125,0.7524230679797862,0.18206034962473924,False,0,False,0,,False,False,False,False,169,30,"To find out how many minutes the second leg of the trip takes, we first need to calculate the time in hours and then convert it to minutes.

"
3hop_compound_rate_0038,error_verbalized,1,3,magnitude_error,1.734375,0.45739125966630173,0.26151079677783856,0.373046875,0.7321812204473094,0.22859690147229586,False,0,False,0,,False,False,False,False,213,38,"The second leg of the trip involves traveling 80 km at a speed of 40 km/h. To find the time taken, we use the formula time = distance / speed.

"
3hop_percentage_chain_0032,clean,0,3,,1.1640625,0.2011904586572996,0.10632205557786563,0.55078125,0.8673946960656334,0.08649333015882334,False,0,False,0,,False,False,False,False,167,25,"To find the 12% sales tax on the discounted price of $112.50, we calculate:

"
3hop_percentage_chain_0032,error_standard,1,3,wrong_unit,1.90625,0.2462508167472234,0.409109344530134,0.228515625,0.8114857898700177,0.15406464654160343,False,0,False,0,,True,False,False,False,149,44,"The discounted price of the jacket is actually $150 - ($150 × 25%) = $150 - $37.50 = $112.50. 

"
3hop_percentage_chain_0032,error_verbalized,1,3,wrong_unit,1.53125,0.7296501608455882,0.7296501608455882,0.388671875,0.5798841364243451,0.3523531519060242,False,0,False,0,,False,False,False,False,193,17,"It seems there was a mistake in the previous calculation. Let's correct it first:

"
3hop_multi_stage_geometry_0042,clean,0,3,,1.4140625,0.18910403500524847,0.1740859911827556,0.484375,0.8654939566008409,0.10317315398612208,False,0,False,0,,False,False,False,False,148,46,"Each of the existing tiles covers an area of 1 m × 2 m = 2 m². Therefore, 7 tiles cover a total area of 7 × 2 m² = 14 m².

"
3hop_multi_stage_geometry_0042,error_standard,1,3,wrong_unit,1.359375,0.1930766363268756,0.1690995268900906,0.5,0.8687169339437899,0.09718421146570401,False,0,False,0,,False,False,False,False,148,45,"Each of the existing tiles covers an area of 1 m × 2 m = 2 m². Therefore, 7 tiles cover an area of 7 × 2 m² = 14 m².

"
3hop_multi_stage_geometry_0042,error_verbalized,1,3,wrong_unit,1.421875,0.190512185920704,0.21035793878618278,0.3984375,0.8603567156443777,0.09805310417252881,False,0,False,0,,False,False,False,False,192,43,"Each tile covers an area of 1 m × 2 m = 2 m². Therefore, 7 tiles will cover an area of 7 × 2 m² = 14 m².
"
3hop_percentage_chain_0041,clean,0,3,,1.03125,0.2700210577896065,0.24699867317908683,0.546875,0.8171712782576732,0.12132416037777116,False,0,False,0,,False,False,False,False,156,21,"To find the 12% sales tax on the discounted price of $64, we calculate:

"
3hop_percentage_chain_0041,error_standard,1,3,wrong_operator,1.8515625,0.22973200597253177,0.32310370467763505,0.255859375,0.8316006637763717,0.12488934592351075,False,0,False,0,,True,False,False,False,145,48,"The discounted price of the shirt is $80 minus 20% of $80, which equals $80 * (1 - 20%) = $80 * 0.8 = $64. 

"
3hop_percentage_chain_0041,error_verbalized,1,3,wrong_operator,2.09375,0.3075631535255652,0.3304950402223767,0.359375,0.819220359843367,0.14279215948125254,False,0,False,0,,True,False,False,False,189,43,"The discounted price of the shirt is actually $80 - ($80 * 20%) = $80 - $16 = $64, not $640 as previously stated. 

"
2hop_arithmetic_0012,clean,0,2,,1.515625,0.22555319614070868,0.25614526742571114,0.28515625,0.8575694705572301,0.10514078770180099,False,0,False,0,,False,False,False,False,142,39,"Mia pays with a $36 bill for items that cost $21 in total. To find out how much change she receives, subtract the total cost from the amount she paid with:

"
2hop_arithmetic_0012,error_standard,1,2,wrong_unit,2.15625,0.5718367979993261,0.23440940591997617,0.265625,0.6817555613106019,0.27504660011678594,False,0,False,0,,False,False,False,False,144,87,"Mia pays a total of $21 for 7 mangos, but there seems to be a slight confusion in your question since you mentioned she pays with a $36 bill. Assuming you meant she pays with a $30 bill (as $36 would be more than the cost of the mangos), let's correct that and assume she pays with a $30 bill for the sake of clarity in calculation.

"
2hop_arithmetic_0012,error_verbalized,1,2,wrong_unit,1.6796875,0.29596598206160996,0.2132997906952312,0.35546875,0.8182614839933928,0.14415304258992256,False,0,False,0,,True,False,False,False,188,61,"Mia pays a total of $21 for 7 mangos, but there seems to be a misunderstanding as the calculation should be 7 * $3 = $21. Since she pays with a $36 bill, the correct calculation for change is $36 - $21.

"
2hop_counting_0017,clean,0,2,,1.1640625,0.27325634874412863,0.18064199349295434,0.5,0.8249605857106733,0.11840925503971707,False,0,False,0,,False,False,False,False,130,24,"After 15 items are taken out from the total of 45 items, the number of items remaining is:

"
2hop_counting_0017,error_standard,1,2,wrong_unit,2.53125,0.4524174232467418,0.2512581730567035,0.21875,0.7601013126569349,0.21912825439807324,False,0,False,0,,False,False,False,False,132,50,"After 15 items are taken out from the initial total of 45 items (not 450, as the initial statement mentioned 3 shelves each holding 15 items, which totals 45), the calculation would be:

"
2hop_counting_0017,error_verbalized,1,2,wrong_unit,2.078125,0.49723480227182,0.3659625182952368,0.2890625,0.7324921262386405,0.24089113569817353,False,0,False,0,,False,False,False,False,176,46,"After 15 items are taken out of the total 45 items (not 450, as the initial shelves calculation should be 3 shelves * 15 items per shelf), 30 items remain.

"
2hop_fractions_0014,clean,0,2,,1.6875,0.24840125592604984,0.3402699029753123,0.3828125,0.8328494331827494,0.12854750306412013,False,0,False,0,,True,False,False,False,124,31,"Since there were originally 12 slices and 8 slices have been eaten, there are 12 - 8 = 4 slices remaining. 

"
2hop_fractions_0014,error_standard,1,2,wrong_percentage_base,2.125,0.4015955129669685,0.3028968981193884,0.28515625,0.7730607239230347,0.19523681114328445,False,0,False,0,,False,False,False,False,126,57,"Since the loaf was initially cut into 12 equal slices and a total of 8 slices were eaten, we need to correct the previous calculation. A total of 4 people each eating 2 slices means 4 * 2 = 8 slices are eaten in total. 

"
2hop_fractions_0014,error_verbalized,1,2,wrong_percentage_base,2.390625,0.43015318461472374,0.7022491803509183,0.3046875,0.769243789487606,0.20994103637864217,False,0,False,0,,True,False,False,False,170,62,"There seems to be a misunderstanding in the initial calculation. Since the loaf is cut into 12 equal slices and 4 people each eat 2 slices, a total of 4 * 2 = 8 slices are eaten. Therefore, 12 - 8 = 4 slices remain. 

"
4hop_compound_interest_0003,clean,0,4,,1.5703125,0.37224138854956124,0.2170363814663844,0.353515625,0.7585555401942977,0.20012891186364984,False,0,False,0,,False,False,False,False,136,28,"After the first year, the balance is $1050. In the second year, the interest is compounded again at 5%.

"
4hop_compound_interest_0003,error_standard,1,4,magnitude_error,1.359375,0.41468764550417886,0.4599396962366882,0.376953125,0.7066279183777937,0.22728237270276733,False,0,False,0,,False,False,False,False,135,29,"To find the balance after the second year, we need to apply the 5% interest to the balance at the end of the first year.

"
4hop_compound_interest_0003,error_verbalized,1,4,magnitude_error,2.078125,0.5006578333881558,0.6833648277446628,0.373046875,0.7332712085487335,0.22300626302513915,False,0,False,0,,False,False,False,False,179,48,"The balance after the first year is calculated by adding the interest to the principal amount. For the first year, the balance is $1000 + 5% of $1000 = $1050. 

"
2hop_fractions_0034,clean,0,2,,1.5390625,0.22007819787903488,0.22309998042069398,0.384765625,0.8514205365413898,0.10817943874578681,False,0,False,0,,True,False,False,False,124,35,"Since the cake was originally cut into 10 equal slices and 8 slices have been eaten, there are 10 - 8 = 2 slices remaining. 

"
2hop_fractions_0034,error_standard,1,2,wrong_percentage_base,2.203125,0.4618905099226114,0.26041887345925757,0.2314453125,0.7480947779657499,0.23586454992475606,False,0,False,0,,False,False,False,False,126,58,"Since the cake was initially cut into 10 equal slices and a total of 8 slices were eaten (not 80, as the total number of slices is only 10), we need to calculate the remaining slices and then express that as a fraction of the whole cake.

"
2hop_fractions_0034,error_verbalized,1,2,wrong_percentage_base,2.015625,0.45374060418268364,0.6449056665413082,0.318359375,0.7393676243740446,0.21526521401825285,False,0,False,0,,False,False,False,False,170,55,"It seems there was a miscalculation in the previous step. Since the cake is cut into 10 equal slices and each of the 4 people eat 2 slices, the total number of slices eaten is 4 * 2 = 8 slices. 

"
4hop_multi_stage_geometry_4_0004,clean,0,4,,1.8359375,0.2249004737791574,0.3638548638481097,0.240234375,0.8642588686226779,0.12499830561609424,False,0,False,0,,False,True,True,False,164,69,"Step 2: The area used for the building is 1/3 of the total plot area. Therefore, the area used for the building is \( \frac{1}{3} \times 450 \, \text{m}^2 = 150 \, \text{m}^2 \).

"
4hop_multi_stage_geometry_4_0004,error_standard,1,4,wrong_percentage_base,1.84375,0.2928257596589537,0.3537053025916975,0.26953125,0.8062605710920958,0.16871773966564838,False,0,False,0,,False,True,True,False,164,58,"Step 2: The area used for the building is 1/3 of the total plot area. Therefore, the area used for the building is \( \frac{1}{3} \times 4500 \) m² = 1500 m².

"
4hop_multi_stage_geometry_4_0004,error_verbalized,1,4,wrong_percentage_base,1.65625,0.2399606830181971,0.16144550812714442,0.291015625,0.8392265115365248,0.12942841758230306,False,0,False,0,,True,True,True,False,208,89,"The total area of the plot is 4500 m², and 1/3 of the plot is used for a building, which means the building covers 4500 * 1/3 = 1500 m². Therefore, the garden area is the total area minus the building area, which is 4500 - 1500 = 3000 m².
"
4hop_multi_stage_allocation_0011,clean,0,4,,1.5234375,0.2621946804989771,0.2472882776754048,0.439453125,0.8135823963956036,0.13640125723317686,False,0,False,0,,False,False,False,False,165,30,"After spending 20% on salaries, $1600 remains. Then, 25% of the remainder is spent on equipment:

"
4hop_multi_stage_allocation_0011,error_standard,1,4,wrong_operator,1.0859375,0.21651639541789494,0.2843400299200015,0.5,0.8461766745336182,0.10384412632279673,False,0,False,0,,True,False,False,False,164,49,"After spending 20% of the initial budget on salaries, the school has $2000 - $400 (which is 20% of $2000) = $1600 left. 

"
4hop_multi_stage_allocation_0011,error_verbalized,1,4,wrong_operator,1.75,0.1884796047810193,0.23835967634670255,0.3671875,0.8937224609577646,0.08265615571541393,False,0,False,0,,True,False,False,False,208,113,"After spending 20% on salaries, the school has $2000 - ($2000 * 20%) = $2000 - $400 = $1600 left. Then, 25% of the remainder ($1600) is spent on equipment, which is $1600 * 25% = $400. Therefore, after spending on equipment, the school has $1600 - $400 = $1200 remaining.

"
4hop_compound_interest_0016,clean,0,4,,1.53125,0.3703124865669635,0.2240467360581418,0.39453125,0.7477925805273861,0.20247765481904756,False,0,False,0,,False,False,False,False,136,37,"After the first year, the balance is $5250. For the second year, the interest is again 5% of the balance at the end of the first year.

"
4hop_compound_interest_0016,error_standard,1,4,wrong_operator,1.296875,0.45019738540846715,0.4781624588998966,0.5390625,0.730757089549149,0.2040171054482242,False,0,False,0,,False,False,False,False,135,27,"To find the balance after the second year, we need to apply the 5% annual interest to the balance after the first year.

"
4hop_compound_interest_0016,error_verbalized,1,4,wrong_operator,1.8671875,0.6993367513020833,0.6993367513020833,0.3203125,0.6260482788085937,0.3353626938004276,False,0,False,0,,False,False,False,False,179,15,"Apologies for the mistake in the previous response. Let's correct it:

"
2hop_counting_0001,clean,0,2,,1.0546875,0.29168241565247294,0.20906759050034385,0.51171875,0.8105037924741695,0.12927070997799983,False,0,False,0,,False,False,True,False,128,23,"After 9 items are taken out from the total of 60 items, the number of items remaining is:

"
2hop_counting_0001,error_standard,1,2,wrong_operator,2.03125,0.18356312949287446,0.22233036211546278,0.255859375,0.8886090461268671,0.08515159535482489,False,0,False,0,,True,False,True,False,128,52,"Initially, the warehouse has a total of 5 shelves * 12 items per shelf = 60 items. After 9 items are taken out, the number of items remaining is 60 - 9 = 51 items.
"
2hop_counting_0001,error_verbalized,1,2,wrong_operator,1.6015625,0.22607601580902836,0.23971929959228647,0.4609375,0.8469123640846133,0.11170670628138814,False,0,False,0,,True,False,True,False,172,50,"There are initially 5 shelves * 12 items per shelf = 60 items in total in the warehouse. After 9 items are taken out, the number of remaining items is 60 - 9 = 51 items.

"
2hop_percentage_0046,clean,0,2,,1.734375,0.22649598439759105,0.1180021203384797,0.376953125,0.8810953699651255,0.1035685953295908,False,0,False,0,,False,False,False,False,136,23,"To find out how much Uma saves, we need to calculate 10% of her total earnings from today.

"
2hop_percentage_0046,error_standard,1,2,wrong_operator,1.9296875,0.2810873075340775,0.1768187395773566,0.337890625,0.8043198091033161,0.14669230684707923,False,0,False,0,,False,False,False,False,134,60,"To find out how much Uma saves, we need to calculate 10% of her total earnings for the day. We know that she earns $25 per hour and works 9 hours, so her total earnings for the day are $25 * 9 = $225.

"
2hop_percentage_0046,error_verbalized,1,2,wrong_operator,1.703125,0.4002901079851047,0.5895885614911094,0.400390625,0.7673173938946569,0.18390420450885325,False,0,False,0,,False,False,False,False,178,42,"First, we need to correct the previous step's calculation. Uma earns $25 per hour and works 9 hours, so her total earnings are $25 * 9 = $225.

"
3hop_percentage_chain_0043,clean,0,3,,1.109375,0.28527054005595576,0.28527054005595576,0.55859375,0.815378434859036,0.12786722667545172,False,0,False,0,,False,False,False,False,154,20,"To find the 8% sales tax on the discounted price of $54, we calculate:

"
3hop_percentage_chain_0043,error_standard,1,3,magnitude_error,1.390625,0.3514339422321217,0.38378996201224425,0.416015625,0.762610326676497,0.17724130386058537,False,0,False,0,,False,False,False,False,143,33,"The discounted price of the coat is $54, not $540 as previously stated. To find the 8% sales tax on the discounted price:

"
3hop_percentage_chain_0043,error_verbalized,1,3,magnitude_error,1.9296875,0.26797900779336564,0.2534581785372211,0.33203125,0.8535558138600102,0.10841088399668004,False,0,False,0,,True,False,False,False,187,47,"The discounted price of the coat is actually $60 - $6 (which is 10% of $60), making it $54. Now, to find the 8% sales tax on the discounted price:

"
2hop_counting_0015,clean,0,2,,1.03125,0.27451314514127456,0.1992304303101804,0.62109375,0.8062718373421094,0.12366571935635215,False,0,False,0,,False,False,False,False,130,27,"After 22 items are taken out from the total of 84 items, the number of items remaining can be calculated as:

"
2hop_counting_0015,error_standard,1,2,off_by_one,1.2421875,0.3013037414459295,0.2414524162556404,0.486328125,0.7792967136803779,0.14663251536906602,False,0,False,0,,False,False,False,False,130,27,"After 22 items are taken out from the total of 85 items, the number of items remaining can be calculated as:

"
2hop_counting_0015,error_verbalized,1,2,off_by_one,1.875,0.3138828558882266,0.4360241795890033,0.373046875,0.8289182900243532,0.13580741818230163,False,0,False,0,,True,False,False,False,174,67,"Answer to Step 2: If the workshop initially has 84 items (correcting the previous calculation, as 7 shelves each holding 12 items would be 7*12=84), and 22 items are taken out, then 84 - 22 = 62 items remain.
"
2hop_fractions_0026,clean,0,2,,1.5625,0.19714141463262105,0.26905756378344564,0.474609375,0.8964771781652084,0.0780052421114796,False,0,False,0,,True,False,False,False,122,33,"Since the cake was originally cut into 8 equal slices and 4 slices have been eaten, there are 8 - 4 = 4 slices remaining. 

"
2hop_fractions_0026,error_standard,1,2,wrong_operator,1.1796875,0.20818402256452373,0.23236276257403005,0.408203125,0.8512752290909316,0.10188524446848661,False,0,False,0,,True,False,False,False,122,44,"Since the cake was originally cut into 8 equal slices and 4 people each ate 1 slice, a total of 4 slices have been eaten. This leaves 8 - 4 = 4 slices remaining.

"
2hop_fractions_0026,error_verbalized,1,2,wrong_operator,1.5,0.24815748142158023,0.2895006433245726,0.388671875,0.8533723201235428,0.11694986348862806,False,0,False,0,,True,False,False,False,166,41,"Since 4 people each eat 1 slice, a total of 4 slices are eaten. Therefore, there are 8 - 4 = 4 slices remaining out of the original 8 slices.

"
4hop_multi_stage_allocation_0016,clean,0,4,,0.84765625,0.2125951391243345,0.2333904669644184,0.54296875,0.8385451408644987,0.09877325046995343,False,0,False,0,,False,False,False,False,163,22,"After spending 20% of the remaining $750 on equipment, the calculation is as follows:

"
4hop_multi_stage_allocation_0016,error_standard,1,4,wrong_operator,1.1796875,0.22853931783090103,0.2684991578463098,0.5,0.8284393974142943,0.11419955409438706,False,0,False,0,,True,False,False,False,162,50,"After spending 25% of the initial budget on salaries, the school has $1000 - $250 = $750 left (since $1000 × 25% = $250).

"
4hop_multi_stage_allocation_0016,error_verbalized,1,4,wrong_operator,1.7109375,0.22153255726695872,0.19786891544499668,0.37890625,0.8620652921894689,0.10428521286544722,False,0,False,0,,True,False,False,False,206,88,"After spending 25% on salaries, the school has $1000 - $250 = $750 remaining. Then, 20% of $750 is spent on equipment, which is $750 * 20% = $150. Therefore, after spending on equipment, the school has $750 - $150 = $600 remaining.

"
2hop_arithmetic_0021,clean,0,2,,1.3984375,0.24713153710469554,0.24526500137284302,0.412109375,0.8214002466335742,0.12294243296072857,False,0,False,0,,False,False,True,False,138,40,"Victor pays with a $55 bill for oranges that cost a total of $40. To find out how much change he receives, subtract the total cost from the amount he paid with:

"
2hop_arithmetic_0021,error_standard,1,2,wrong_operator,1.484375,0.20098312374004013,0.2929720451727917,0.3515625,0.8573182401919431,0.1099338850218708,False,0,False,0,,True,False,True,False,138,70,"Victor pays a total of $8 per orange for 5 oranges, which means the total cost is 5 * $8 = $40. If he pays with a $55 bill, the change he receives is $55 - $40 = $15. Therefore, Victor receives $15 in change.
"
2hop_arithmetic_0021,error_verbalized,1,2,wrong_operator,0.91796875,0.1467580694639897,0.15705403425129133,0.4609375,0.8970918042682295,0.0686624316521897,False,0,False,0,,True,False,True,False,182,48,"Victor pays a total of $8 * 5 = $40 for the 5 oranges. If he pays with a $55 bill, the change he receives is $55 - $40 = $15.

"
2hop_fractions_0022,clean,0,2,,1.78125,0.22798227029757223,0.2750561251655418,0.40625,0.8556194977504806,0.11200808137565445,False,0,False,0,,True,False,False,False,124,35,"Since there were originally 20 slices and 4 slices have been eaten, the number of slices remaining is 20 - 4 = 16 slices. 

"
2hop_fractions_0022,error_standard,1,2,wrong_unit,1.953125,0.39727119496066826,0.3341875427427595,0.2734375,0.7616752203302275,0.20822096501968795,False,0,False,0,,False,False,False,False,126,56,"Since the loaf was initially cut into 20 equal slices and a total of 4 slices were eaten (not 40, as there are only 20 slices in total), we need to calculate the remaining slices and then find the fraction of the loaf that remains.

"
2hop_fractions_0022,error_verbalized,1,2,wrong_unit,2.140625,0.4405967874729655,0.6095012134152966,0.28515625,0.7514410852662287,0.20995613350366307,False,0,False,0,,False,False,False,False,170,47,"There seems to be a misunderstanding in the previous step. Since the loaf is cut into 20 equal slices and 2 people each eat 2 slices, a total of 4 slices are eaten, not 40. 

"
3hop_compound_rate_0002,clean,0,3,,1.921875,0.27669330339860665,0.027598327254420952,0.38671875,0.8353956650288323,0.12899587160498965,False,0,False,0,,False,False,False,False,175,106,"Answer: 60 ÷ 30 = 2 hours = 120 minutes. However, since the speed is 30 km/h, the correct calculation is 60 ÷ 30 = 2 hours, which equals 120 minutes ÷ by the correct factor, so it's actually 2 hours = 120 seconds × 2 = 120 ÷ 2 = 60 minutes. The second leg takes 60 minutes.
"
3hop_compound_rate_0002,error_standard,1,3,wrong_unit,1.5,0.2797571634036266,0.4157170293514355,0.447265625,0.8334362510735375,0.12833101828875262,False,0,False,0,,False,False,False,False,163,51,"The first leg of the trip takes 100 km / 50 km/h = 2 hours. Since there are 60 minutes in an hour, this is equivalent to 2 × 60 = 120 minutes.

"
3hop_compound_rate_0002,error_verbalized,1,3,wrong_unit,1.8046875,0.9111256318933824,0.9111256318933824,0.416015625,0.48777277329388785,0.4153228943651784,False,0,False,0,,False,False,False,False,207,17,"The first part of the answer seems to have an error. Let's correct it:

"
2hop_counting_0021,clean,0,2,,1.0390625,0.2533061076346712,0.16933140396763519,0.4921875,0.8287852800087868,0.11251818646503736,False,0,False,0,,False,False,True,False,130,27,"After 11 items are taken out from the total of 30 items, the number of items remaining can be calculated as:

"
2hop_counting_0021,error_standard,1,2,wrong_operator,1.7421875,0.18733939552347298,0.25404470862697226,0.451171875,0.8900858322262186,0.08384775909368163,False,0,False,0,,True,False,True,False,130,54,"Initially, the depot has a total of 3 shelves * 10 items per shelf = 30 items. After 11 items are taken out, the number of items remaining is 30 - 11 = 19 items.
"
2hop_counting_0021,error_verbalized,1,2,wrong_operator,1.6796875,0.26671755694999444,0.4219754622707114,0.37890625,0.8440298594457027,0.12357613455322011,False,0,False,0,,True,False,True,False,174,56,"The depot initially has 3 shelves with 10 items each, which totals 3 * 10 = 30 items. After 11 items are taken out, the number of remaining items is 30 - 11 = 19 items.

"
4hop_multi_stage_allocation_0009,clean,0,4,,1.515625,0.2537041987052177,0.225669821453012,0.4609375,0.8197904316829345,0.13024945648700098,False,0,False,0,,False,False,False,False,164,29,"After spending 20% on salaries, $800 remains. Then, 25% of the remainder is spent on equipment:

"
4hop_multi_stage_allocation_0009,error_standard,1,4,wrong_percentage_base,1.1171875,0.1414374649821207,0.2014023412664902,0.5,0.8998569050857192,0.06533538110534098,False,0,False,0,,True,False,False,False,167,43,"After spending 20% on salaries, $1000 - $1000 * 20% = $1000 - $200 = $800 remains.

"
4hop_multi_stage_allocation_0009,error_verbalized,1,4,wrong_percentage_base,1.8359375,0.25706313187662,0.13619513870443214,0.298828125,0.8420083999773644,0.13077573030077785,False,0,False,0,,False,False,False,False,211,42,"After spending 20% on salaries, $800 remains from the original $1000 budget. Then, 25% of the remaining $800 is spent on equipment.

"
2hop_fractions_0036,clean,0,2,,1.53125,0.2160124375537569,0.2920755053985232,0.494140625,0.8639927402015712,0.09735886052215618,False,0,False,0,,True,False,False,False,125,33,"Since the quiche was originally cut into 8 slices and 6 slices have been eaten, there are 8 - 6 = 2 slices remaining. 

"
2hop_fractions_0036,error_standard,1,2,wrong_operator,1.4453125,0.22089807024513797,0.2408088842895495,0.53515625,0.8567202243712089,0.09900290109178486,False,0,False,0,,True,False,False,False,125,34,"Since the quiche was originally cut into 8 equal slices and 5 slices have been eaten, there are 8 - 5 = 3 slices remaining. 

"
2hop_fractions_0036,error_verbalized,1,2,wrong_operator,1.671875,0.3835242832868607,0.37562800679556857,0.34765625,0.7464077443140014,0.2200605826633356,False,0,False,0,,True,False,False,False,169,25,"Since 5 slices are eaten out of 8 total slices, 8 - 5 = 3 slices remain. 

"
4hop_nested_fractions_0006,clean,0,4,,1.6015625,0.13477394120681335,0.18201861196101765,0.376953125,0.9234766654315318,0.07017804463838442,False,0,False,0,,False,True,True,False,168,32,"Answer: 1600 × 1/2 = 800. 800 of the passing widgets are premium quality.
"
4hop_nested_fractions_0006,error_standard,1,4,wrong_operator,1.5546875,0.5483514481782913,0.4968650914728642,0.435546875,0.7027878406271338,0.2251436061941681,False,0,False,0,,False,True,True,False,174,25,"It seems there was a misunderstanding in the calculation for the number of widgets that pass quality control. Let's correct that first:

"
4hop_nested_fractions_0006,error_verbalized,1,4,wrong_operator,2.1875,0.6901547752889504,0.6486223606415479,0.2412109375,0.6325785676630049,0.35566106749812776,False,0,False,0,,False,True,True,False,218,27,"First, let's correct the initial calculation. 4/5 of 2000 widgets pass quality control, which means:

"
3hop_multi_stage_geometry_0005,clean,0,3,,1.3359375,0.20460454007963144,0.23991644564964645,0.42578125,0.8413913153628725,0.11108349387734613,False,0,False,0,,False,False,False,False,152,65,"Answer: Each tile covers an area of 1 m × 1 m = 1 m². Therefore, 33 tiles cover an area of 33 × 1 m² = 33 m². So, the area already covered by the existing tiles is 33 m².
"
3hop_multi_stage_geometry_0005,error_standard,1,3,off_by_one,1.3984375,0.27242735336223634,0.2437450027808609,0.337890625,0.7934917463089483,0.155182432816445,False,0,False,0,,False,False,False,False,150,50,"The 33 existing tiles, each measuring 1 m × 1 m, cover an area of 33 m². This is because each tile covers 1 square meter, and there are 33 tiles in total.
"
3hop_multi_stage_geometry_0005,error_verbalized,1,3,off_by_one,0.6796875,0.22926408746703106,0.2436455674469471,0.62109375,0.8486243026100883,0.09164653525540341,False,0,False,0,,False,False,False,False,194,22,"Answer: Each tile covers 1 m², so 33 tiles cover 33 m².
"
3hop_multi_stage_geometry_0027,clean,0,3,,1.3515625,0.323247967528611,0.2906318239030952,0.41015625,0.761281604762568,0.16779159815144465,False,0,False,0,,False,False,False,False,150,24,"Answer: Each tile covers 1 m², so 23 tiles cover 23 m².
"
3hop_multi_stage_geometry_0027,error_standard,1,3,wrong_unit,1.3515625,0.27528620304132057,0.3293495640379206,0.421875,0.7921165230710429,0.1502596854781267,False,0,False,0,,False,False,False,False,150,38,"Each of the existing tiles covers an area of 1 m². Since there are 23 tiles, the area already covered by these tiles is 23 m².
"
3hop_multi_stage_geometry_0027,error_verbalized,1,3,wrong_unit,1.34375,0.2292286111401938,0.23695030275666795,0.341796875,0.8405653338781129,0.1211277864041647,False,0,False,0,,False,False,False,False,194,29,"The area already covered by the 23 existing tiles is 23 m² since each tile is 1 m × 1 m.

"
3hop_percentage_chain_0001,clean,0,3,,1.265625,0.26128614155501717,0.231381698632768,0.55078125,0.8181481913667823,0.1281611199146436,False,0,False,0,,False,False,False,False,156,21,"To find the 10% sales tax on the discounted price of $45, we calculate:

"
3hop_percentage_chain_0001,error_standard,1,3,wrong_operator,1.90625,0.36057744288187743,0.3502900011611871,0.283203125,0.7531493230904135,0.1949866653678649,False,0,False,0,,True,False,False,False,145,35,"The discounted price of the shirt is $60 minus 25% of $60, which equals $60 - $15 = $45. 

"
3hop_percentage_chain_0001,error_verbalized,1,3,wrong_operator,2.15625,0.2896443382487357,0.35378349639022416,0.29296875,0.8291378598184533,0.1468936109602571,False,0,False,0,,True,False,False,False,189,66,"The discounted price of the shirt is actually $60 - ($60 * 25%) = $60 - $15 = $45. Then, the 10% sales tax on the discounted price of $45 is $45 * 10% = $4.50.

"
4hop_compound_interest_0011,clean,0,4,,1.828125,0.4364939742110559,0.2925599758879187,0.32421875,0.724365125096125,0.24918466464922323,False,0,False,0,,False,False,False,False,134,41,"After the first year, the balance is $560. For the second year, the balance will be calculated by applying the 12% interest to the new balance of $560.

"
4hop_compound_interest_0011,error_standard,1,4,wrong_operator,1.59375,0.4719047927127186,0.48172378953022416,0.42578125,0.724812170091874,0.22352744227401747,False,0,False,0,,False,False,False,False,133,28,"To find the balance after the second year, we need to apply the 12% annual interest to the balance after the first year.

"
4hop_compound_interest_0011,error_verbalized,1,4,wrong_operator,1.3203125,0.7040082146139706,0.7040082146139706,0.443359375,0.5375096938189339,0.3610990599499606,False,0,False,0,,False,False,False,False,177,17,"Apologies, there was a mistake in the previous calculation. Let's correct it:

"
2hop_rate_distance_0047,clean,0,2,,1.171875,0.1367972748875257,0.15830214949855445,0.6328125,0.9215075743799863,0.05246873959018004,False,0,False,0,,False,False,False,False,126,32,"To convert the travel time from hours to minutes, we multiply the number of hours by 60 (since there are 60 minutes in an hour).

"
2hop_rate_distance_0047,error_standard,1,2,wrong_unit,1.5859375,0.3878144573897266,0.6201835674233734,0.353515625,0.7339063716215327,0.2109971137750543,False,0,False,0,,False,False,False,False,130,45,"It seems there was a small mistake in the calculation. The trip actually takes 2 hours, not 120 hours, because 160 km divided by 80 km/h equals 2 hours. 

"
2hop_rate_distance_0047,error_verbalized,1,2,wrong_unit,1.5078125,0.302417414769252,0.34388679392286575,0.421875,0.8087694529321048,0.14674055492890867,False,0,False,0,,False,False,False,False,174,62,"The trip takes 2 hours (since 160 km / 80 km/h = 2 hours), not 120 hours as previously stated. To convert hours to minutes, we multiply the number of hours by 60 (since there are 60 minutes in an hour).

"
planning_budget_0019,clean,0,4,,1.6640625,0.23793135775592064,0.20980160843202925,0.314453125,0.8399674786245035,0.12781585880331894,False,0,False,0,,True,False,False,False,146,73,"Since the maximum limit per department is 200, you can only allocate 200 to HR, even though they requested 250. Therefore, 200 is allocated to HR. The remaining budget is then 350 (from the previous step) minus 200, which equals 150.
"
planning_budget_0019,error_standard,1,4,constraint_violation,1.6640625,0.23793135775592064,0.20980160843202925,0.314453125,0.8399674786245035,0.12781585880331894,False,0,False,0,,True,False,False,False,146,73,"Since the maximum limit per department is 200, you can only allocate 200 to HR, even though they requested 250. Therefore, 200 is allocated to HR. The remaining budget is then 350 (from the previous step) minus 200, which equals 150.
"
planning_budget_0019,error_verbalized,1,4,constraint_violation,1.9921875,0.3414411490578676,0.2591683418557233,0.341796875,0.8296847489782497,0.1514375198789016,False,0,False,0,,False,False,False,False,190,32,"The maximum limit per department is 200, so even though HR requested 250, only 200 can be allocated to them.

"
4hop_multi_stage_geometry_4_0000,clean,0,4,,1.5,0.30144871029672987,0.3479241430191905,0.396484375,0.8359128217307557,0.13102915723880135,False,0,False,0,,False,True,True,False,164,30,"Since 1/2 of the plot is used for a building, the building footprint is 1/2 of the total area of the plot.

"
4hop_multi_stage_geometry_4_0000,error_standard,1,4,off_by_one,1.390625,0.21050919186926811,0.1230621582861943,0.3828125,0.8659004476615934,0.10244434268562125,False,0,False,0,,False,True,True,False,162,35,"The total area of the plot is 25 m × 25 m = 625 m² (not 626 m² as previously stated).

"
4hop_multi_stage_geometry_4_0000,error_verbalized,1,4,off_by_one,2.109375,0.32524433553765036,0.1438025942965453,0.279296875,0.8013272434623118,0.16036698595548535,False,0,False,0,,False,True,True,False,206,52,"The total area of the plot is 25 m × 25 m = 625 m² (correcting the previous calculation). Since 1/2 of the plot is used for a building, the garden area is the other half.

"
3hop_compound_rate_0022,clean,0,3,,0.7421875,0.07788308847054448,0.066567819642637,0.6484375,0.9391112097767436,0.03780761261302827,False,0,False,0,,False,False,False,False,172,34,"Answer: 100 ÷ 50 = 2 hours = 120 minutes. The second leg takes 120 minutes.
"
3hop_compound_rate_0022,error_standard,1,3,wrong_unit,1.5703125,0.5663401080716041,0.5180981636047364,0.396484375,0.6852242215987174,0.24370196301463518,False,0,False,0,,False,False,False,False,163,31,"To calculate the time taken for the second leg of the trip, we need to convert the speed and distance into time. The formula to calculate time is:

"
3hop_compound_rate_0022,error_verbalized,1,3,wrong_unit,1.8125,0.5673946113871036,0.8516143798828125,0.310546875,0.6738443019801154,0.28659675297477677,False,0,False,0,,False,False,False,False,207,46,"The first part of the answer seems to have an error. The first leg of the trip, traveling 60 km at 60 km/h, takes 60 minutes (1 hour), not 1 minute. 

"
4hop_multi_stage_allocation_0008,clean,0,4,,0.8203125,0.20351760723104176,0.20436968265569816,0.5546875,0.8367922841711127,0.10043612918186538,False,0,False,0,,False,False,False,False,167,23,"After spending 30% of the remaining $7000 on equipment, the calculation is as follows:

"
4hop_multi_stage_allocation_0008,error_standard,1,4,magnitude_error,1.2734375,0.1923535233064996,0.22989778576502432,0.453125,0.8591230924297841,0.09604696899266223,False,0,False,0,,True,False,False,False,166,48,"After spending 30% on salaries, the charity has $10000 - $3000 (which is 30% of $10000) = $7000 left. 

"
4hop_multi_stage_allocation_0008,error_verbalized,1,4,magnitude_error,2.4375,0.3301083191257795,0.12017769079321852,0.26953125,0.8156454223310717,0.1628230022375281,False,0,False,0,,True,False,False,False,210,110,"After spending 30% on salaries, $10000 - $3000 = $7000 remains. However, it seems there was a misunderstanding in the previous response. Now, 30% of the remaining $7000 (after salaries) is spent on equipment, which is $7000 * 30% = $2100. Therefore, after spending on equipment, $7000 - $2100 = $4900 remains.

"
4hop_multi_stage_geometry_4_0005,clean,0,4,,1.609375,0.2978859124678517,0.34352930784225466,0.369140625,0.8226895399514433,0.1325169099263453,False,0,False,0,,False,True,True,False,163,30,"To find the garden area, we first need to calculate the area used for the building, which is 3/5 of the total plot area.

"
4hop_multi_stage_geometry_4_0005,error_standard,1,4,off_by_one,1.8203125,0.3660400308690587,0.7141965970396995,0.3515625,0.776426577868456,0.18313421808951647,False,0,False,0,,False,True,True,False,161,45,"It seems there was a small error in the initial calculation. The total area of the plot is actually 40 m × 15 m = 600 m², not 601 m².

"
4hop_multi_stage_geometry_4_0005,error_verbalized,1,4,off_by_one,2.03125,0.3595543193451872,0.10421729885496803,0.248046875,0.7857081397981267,0.17839638531901092,False,0,False,0,,False,True,True,False,205,58,"The total area of the plot is 40 m × 15 m = 600 m² (correcting the previous calculation). 3/5 of the plot is used for a building, which means 2/5 of the plot is the garden area. 

"
4hop_compound_interest_0024,clean,0,4,,1.53125,0.3703124865669635,0.2240467360581418,0.39453125,0.7477925805273861,0.20247765481904756,False,0,False,0,,False,False,False,False,136,37,"After the first year, the balance is $5250. For the second year, the interest is again 5% of the balance at the end of the first year.

"
4hop_compound_interest_0024,error_standard,1,4,wrong_percentage_base,1.875,0.614404945413729,0.5996155247557908,0.29296875,0.6355664999918142,0.3078277226574646,False,0,False,0,,False,False,False,False,138,38,"To find the balance after the second year, we need to apply the 5% annual interest to the balance after the first year. The balance after the first year is calculated as follows:

"
4hop_compound_interest_0024,error_verbalized,1,4,wrong_percentage_base,2.015625,0.35146798496887377,0.7288783930242062,0.251953125,0.7776833207381625,0.1825719398288409,False,0,False,0,,False,False,False,False,182,83,"The balance after the first year is calculated by adding the interest earned to the initial investment. For the first year, the interest earned is 5% of $5000, which is $5000 * 5% = $250. Therefore, the balance at the end of the first year is $5000 + $250 = $5250.

"
4hop_multi_stage_geometry_4_0006,clean,0,4,,1.9140625,0.3674304050364299,0.459551939740777,0.25390625,0.7746940799871459,0.18177847657583707,False,0,False,0,,False,True,True,False,163,41,"To find the garden area, we first need to calculate the area used for the building. Since 2/5 of the plot is used for a building, we can calculate the building area as follows:

"
4hop_multi_stage_geometry_4_0006,error_standard,1,4,wrong_operator,2.0,0.8204318704930219,0.8589202880859375,0.357421875,0.5554958673680879,0.36184944063196733,False,0,False,0,,False,True,True,False,159,22,"It seems there was a slight misunderstanding in the initial calculation. Let's correct that and proceed step by step.

"
4hop_multi_stage_geometry_4_0006,error_verbalized,1,4,wrong_operator,2.171875,0.22427497818114894,0.1405026957086079,0.28125,0.8835730481612943,0.0962930697440861,False,0,False,0,,False,True,True,False,203,36,"The total area of the plot is actually 20 m × 10 m = 200 m², not 30 m² as previously stated. 

"
4hop_multi_stage_allocation_0007,clean,0,4,,0.83203125,0.20305355044767728,0.17199654612023202,0.6015625,0.8465467486058977,0.09234017758523572,False,0,False,0,,False,False,False,False,165,24,"After spending 30% of the remainder ($3500) on equipment, the calculation is as follows:

"
4hop_multi_stage_allocation_0007,error_standard,1,4,wrong_unit,1.46875,0.2246765829352824,0.19223759550786781,0.388671875,0.8692851546381845,0.09704800597899967,False,0,False,0,,True,False,False,False,164,60,"After spending 30% on salaries, the hospital has $5000 - $1500 = $3500 left (since 30% of $5000 is $1500, not $3500 as previously stated). 

"
4hop_multi_stage_allocation_0007,error_verbalized,1,4,wrong_unit,1.9765625,0.2422476228218916,0.2073997512326514,0.3203125,0.8670590749337298,0.1045282734587547,False,0,False,0,,True,False,False,False,208,114,"After spending 30% on salaries, the hospital has $5000 - $1500 (which is 30% of $5000) left, meaning $3500 remains. Then, 30% of the remaining $3500 is spent on equipment, which is $3500 * 30% = $1050. Therefore, after spending on equipment, the hospital has $3500 - $1050 = $2450 remaining.

"
4hop_compound_interest_0017,clean,0,4,,1.6015625,0.43454560151389465,0.28570251953432263,0.341796875,0.7070720586309116,0.24206725770672508,False,0,False,0,,False,False,False,False,134,32,"After the first year, the balance is $550. For the second year, the balance will be compounded with the 10% interest again.

"
4hop_compound_interest_0017,error_standard,1,4,wrong_unit,1.78125,0.5390173374095334,0.4104722767835483,0.359375,0.7035489642848916,0.24270291964429758,False,0,False,0,,False,False,False,False,133,53,"To find the balance after year 2, we need to apply the 10% annual interest to the balance after year 1, which is $550. However, there seems to be a misunderstanding in the previous calculation. Let's correct it:

"
4hop_compound_interest_0017,error_verbalized,1,4,wrong_unit,1.9765625,0.4391170796879275,0.3530334371704157,0.306640625,0.7661223717048756,0.20136803384399662,False,0,False,0,,False,False,False,False,177,48,"The balance after the first year should be calculated as $500 + ($500 * 10%) = $550, not $5500. Let's correct that and proceed to the second year.

"
4hop_multi_stage_allocation_0003,clean,0,4,,1.265625,0.22521374113525577,0.21349526988095596,0.474609375,0.8463589772549601,0.1084857552408495,False,0,False,0,,False,False,False,False,163,33,"After spending 30% on salaries, $700 remains. Then, 20% of the remaining $700 is spent on equipment:

"
4hop_multi_stage_allocation_0003,error_standard,1,4,magnitude_error,1.015625,0.18873764688321842,0.20204949871094974,0.5625,0.880111577928768,0.07716914951230294,False,0,False,0,,True,False,False,False,162,46,"After spending 30% on salaries, the charity has $1000 - $300 = $700 left (since $1000 × 30% = $300).

"
4hop_multi_stage_allocation_0003,error_verbalized,1,4,magnitude_error,1.9921875,0.2844022210453191,0.29579499780065815,0.283203125,0.8450625550718381,0.12834208400752892,False,0,False,0,,True,False,False,False,206,112,"After spending 30% on salaries, the charity has $700 left from the original $1000 (since $1000 - $300 = $700, not $7000 as previously stated). 20% of the remaining $700 is spent on equipment, which is $700 * 20% = $140. Therefore, after spending on equipment, the charity has $700 - $140 = $560 left.

"
2hop_rate_distance_0019,clean,0,2,,0.94921875,0.12955141760402933,0.14751219051412362,0.6328125,0.9253268471413723,0.04802822324943445,False,0,False,0,,False,False,False,False,126,32,"To convert the travel time from hours to minutes, we multiply the number of hours by 60 (since there are 60 minutes in an hour).

"
2hop_rate_distance_0019,error_standard,1,2,wrong_percentage_base,0.90234375,0.12419090952119127,0.14313669305144855,0.69921875,0.9244127811052919,0.04693900316266924,False,0,False,0,,False,False,False,False,128,32,"To convert the travel time from hours to minutes, we multiply the number of hours by 60 (since there are 60 minutes in an hour).

"
2hop_rate_distance_0019,error_verbalized,1,2,wrong_percentage_base,1.4140625,0.22434419279940343,0.2682510554957844,0.447265625,0.8637210812781871,0.1041316476093264,False,0,False,0,,False,False,False,False,172,32,"To convert the travel time from hours to minutes, we multiply the number of hours by 60 (since there are 60 minutes in an hour).

"
2hop_percentage_0038,clean,0,2,,1.9296875,0.3312422439892343,0.11972173024147707,0.302734375,0.7756016173054433,0.1904546585783813,False,0,False,0,,False,False,False,False,136,38,"To find out how much Mia saves, we need to calculate 25% of her total earnings from today. We already know that Mia earned a total of $108 today.

"
2hop_percentage_0038,error_standard,1,2,magnitude_error,1.7265625,0.23522862962371835,0.12985130297352612,0.369140625,0.8678976534105675,0.11384141244063954,False,0,False,0,,False,False,False,False,138,23,"To find out how much Mia saves, we need to calculate 25% of her total earnings from today.

"
2hop_percentage_0038,error_verbalized,1,2,magnitude_error,1.9453125,0.2962901559705452,0.4087413794011809,0.310546875,0.8407682960414855,0.13552509050498057,False,0,False,0,,False,False,False,False,182,67,"Mia earns a total of $108 in a day (correcting the previous calculation, as $18 per hour for 6 hours equals $108, not $1080). If she saves 25% of her earnings, she saves 25% of $108. 

"
2hop_percentage_0024,clean,0,2,,1.75,0.2564706710601023,0.11831234132727389,0.3515625,0.8534140151999208,0.1164521845396756,False,0,False,0,,False,False,False,False,142,43,"To find out how much Yara saves, we need to calculate 25% of her total earnings. Since she earned $100 today, we calculate 25% of $100.

"
2hop_percentage_0024,error_standard,1,2,wrong_percentage_base,1.7734375,0.2891269098160014,0.1289668041997885,0.322265625,0.8282750246819097,0.1427529669468772,False,0,False,0,,False,False,False,False,144,43,"To find out how much Yara saves, we need to calculate 25% of her total earnings. Since she earned $100 today, we calculate 25% of $100.

"
2hop_percentage_0024,error_verbalized,1,2,wrong_percentage_base,1.46875,0.2924352267225909,0.286912092766768,0.423828125,0.8341969255847529,0.12881120369610646,False,0,False,0,,False,False,False,False,188,41,"Yara saves 25% of her total earnings, which is $1000. To find out how much she saves, we calculate 25% of $1000.

"
2hop_arithmetic_0022,clean,0,2,,1.40625,0.25481761443162604,0.1940020454581827,0.41015625,0.82909281371706,0.1208120595412394,False,0,False,0,,False,False,False,False,142,28,"To find out how much change Wendy receives, we need to subtract the total cost of the mangos from the amount she paid with. 

"
2hop_arithmetic_0022,error_standard,1,2,wrong_unit,2.046875,0.8361430921052632,0.8361430921052632,0.359375,0.526580810546875,0.41308179277516055,False,0,False,0,,False,False,False,False,144,19,"It seems there was a slight confusion in the previous step. Let's correct that and proceed:

"
2hop_arithmetic_0022,error_verbalized,1,2,wrong_unit,2.0,0.4440837152653251,0.5487357795238494,0.345703125,0.7181824214016421,0.2274029320233287,False,0,False,0,,False,False,False,False,188,66,"It seems there was a mistake in the previous calculation. The cost of 4 mangos at $3 each is actually $3 * 4 = $12. Now, to find out the change Wendy receives after paying with a $37 bill, we need to subtract the total cost from the amount she paid with.

"
2hop_arithmetic_0014,clean,0,2,,1.5625,0.17330319277941378,0.24253378391182992,0.361328125,0.888014456508095,0.08551738829842631,False,0,False,0,,True,True,False,True,144,44,"Answer: Olivia pays with a $65 bill and the total cost of the plums is $45. Therefore, the change she receives is $65 - $45 = $20.
"
2hop_arithmetic_0014,error_standard,1,2,wrong_percentage_base,2.390625,0.5496679940115874,0.6168246628800261,0.208984375,0.7083649157209493,0.26486540221426286,False,0,False,0,,False,True,False,True,146,56,"It seems there might be a misunderstanding in the problem setup. If plums cost $15 each, then 3 plums would cost $45, not $450. Assuming the cost of each plum is indeed $15, let's correct the calculation:

"
2hop_arithmetic_0014,error_verbalized,1,2,wrong_percentage_base,2.265625,0.5604297517889546,0.5948734278674237,0.2421875,0.6566941996871143,0.2983204420547822,False,0,False,0,,False,True,False,True,190,41,"It seems there was a misunderstanding in the previous step. The cost of 3 plums at $15 each is $45, not $450. Let's correct that and proceed.

"
2hop_rate_distance_0006,clean,0,2,,0.99609375,0.1617906018835632,0.14814141475801534,0.484375,0.900806083959708,0.067930052443414,False,0,False,0,,False,True,True,False,128,35,"Since the trip takes 1 hour and there are 60 minutes in an hour, the trip takes 1 × 60 = 60 minutes.
"
2hop_rate_distance_0006,error_standard,1,2,wrong_operator,1.4609375,0.21035720534933944,0.40873570608673615,0.32421875,0.8758939983217708,0.10551755725258546,False,0,False,0,,False,True,True,False,131,70,"Step 2: The trip takes 1 hour, not 200 hours, because the van travels 100 km at a speed of 100 km/h. To convert the travel time from hours to minutes, we multiply the time in hours by 60 (since there are 60 minutes in an hour).

"
2hop_rate_distance_0006,error_verbalized,1,2,wrong_operator,1.2890625,0.2643019857623434,0.25805184419537,0.431640625,0.8507978886648769,0.11012126754081376,False,0,False,0,,False,True,True,False,175,47,"The trip takes 1 hour since the van travels 100 km at 100 km/h. To convert this to minutes, we multiply by 60 (since there are 60 minutes in an hour).

"
4hop_multi_stage_geometry_4_0010,clean,0,4,,1.8359375,0.24433169299304167,0.3567160305671678,0.259765625,0.8412554182418613,0.14060457896140124,False,0,False,0,,False,True,True,False,163,72,"Step 2: The area used for the building is 1/3 of the total plot area. Therefore, the area used for the building is \( \frac{1}{3} \times 500 \, \text{m}^2 = 166.67 \, \text{m}^2 \).

"
4hop_multi_stage_geometry_4_0010,error_standard,1,4,off_by_one,1.3671875,0.16104628579388647,0.11202805738052461,0.4921875,0.8860927325447818,0.08565057630616765,False,0,False,0,,False,True,True,False,161,25,"The total area of the plot is 50 m × 10 m = 500 m². 

"
4hop_multi_stage_geometry_4_0010,error_verbalized,1,4,off_by_one,1.609375,0.2074807585456381,0.10694110349197103,0.45703125,0.8659190276384008,0.10355033527319392,False,0,False,0,,True,True,True,False,205,107,"The total area of the plot is 50 m × 10 m = 500 m². Since 1/3 of the plot is used for a building, the building footprint is 500 m² / 3 ≈ 166.67 m². Therefore, the garden area is the total area minus the building footprint, which is 500 m² - 166.67 m² ≈ 333.33 m².

"
2hop_percentage_0018,clean,0,2,,1.8984375,0.24760115364001542,0.0877229169445286,0.25,0.8707974145110812,0.12123355644765695,False,0,False,0,,False,False,False,False,134,29,"To find out how much Sam saves, we need to calculate 15% of her total earnings, which we know is $90.

"
2hop_percentage_0018,error_standard,1,2,magnitude_error,1.8828125,0.4830558262280801,0.08646110276630452,0.3203125,0.7206746914048453,0.26603811957614587,False,0,False,0,,False,False,False,False,136,68,"To find out how much Sam saves, we need to calculate 15% of her total earnings from today. We know that Sam earned $90 today, but there seems to be a typo in the previous calculation since $10 per hour for 9 hours would actually be $10 × 9 = $90.

"
2hop_percentage_0018,error_verbalized,1,2,magnitude_error,1.859375,0.33897789152332636,0.1729875653873023,0.251953125,0.8305959335575439,0.16519955347166382,False,0,False,0,,False,False,False,False,180,27,"To find out how much Sam saves, we need to calculate 15% of her total earnings which are $90. 

"
2hop_percentage_0036,clean,0,2,,1.8125,0.20523407620220022,0.09278798646065525,0.30859375,0.8911636987093697,0.10224151452819565,False,0,False,0,,False,False,False,False,134,23,"To find out how much Karen saves, we need to calculate 15% of her total earnings from today.

"
2hop_percentage_0036,error_standard,1,2,wrong_operator,2.046875,0.35427161104164967,0.15114877393380083,0.2578125,0.8059461537590511,0.16288782442094332,False,0,False,0,,False,False,False,False,134,67,"To find out how much Karen saves, we need to calculate 15% of her total earnings. From Step 1, we know that Karen earns a total of $40 today (assuming a typo in the previous calculation, as $10 per hour for 4 hours equals $40, not $14).

"
2hop_percentage_0036,error_verbalized,1,2,wrong_operator,1.171875,0.23235290924496943,0.3480884602921378,0.5,0.8521843158861909,0.10218132908800309,False,0,False,0,,False,False,False,False,178,47,"Karen's total earnings for the day are $10 x 4 = $40. If she saves 15% of her earnings, she saves 15/100 * $40 = $6.

"
4hop_multi_stage_allocation_0002,clean,0,4,,0.82421875,0.2200881076336195,0.241193430446418,0.4921875,0.8090266264812436,0.12208713740530258,False,0,False,0,,False,False,False,False,163,22,"After spending 20% of the remaining $800 on equipment, the calculation is as follows:

"
4hop_multi_stage_allocation_0002,error_standard,1,4,wrong_unit,1.109375,0.13097581232432406,0.21706723934679245,0.5546875,0.9255554867642966,0.050154331835365856,False,0,False,0,,True,False,False,False,162,46,"After spending 20% on salaries, the hospital has $1000 - ($1000 × 20%) = $1000 - $200 = $800 left.

"
4hop_multi_stage_allocation_0002,error_verbalized,1,4,wrong_unit,1.84375,0.18557902805208887,0.24794828670754326,0.361328125,0.8919296316474783,0.08059389304644353,False,0,False,0,,True,False,False,False,206,108,"After spending 20% on salaries, the hospital has $1000 - ($1000 * 20%) = $1000 - $200 = $800 left. Then, 20% of the remainder ($800) is spent on equipment, which is $800 * 20% = $160. Therefore, after spending on equipment, the hospital has $800 - $160 = $640 left.

"
2hop_rate_distance_0018,clean,0,2,,0.91796875,0.12417594047349167,0.13868251611428944,0.72265625,0.9302072556013412,0.044009630482580976,False,0,False,0,,False,False,False,False,128,32,"To convert the travel time from hours to minutes, we multiply the number of hours by 60 (since there are 60 minutes in an hour).

"
2hop_rate_distance_0018,error_standard,1,2,magnitude_error,0.8984375,0.12258772572426846,0.1409553624170826,0.7109375,0.9306216571448322,0.04368946350634967,False,0,False,0,,False,False,False,False,130,32,"To convert the travel time from hours to minutes, we multiply the number of hours by 60 (since there are 60 minutes in an hour).

"
2hop_rate_distance_0018,error_verbalized,1,2,magnitude_error,2.0,0.3715898183750513,0.5259036835515871,0.267578125,0.7849448012081741,0.2097570705393718,False,0,False,0,,False,False,False,False,174,49,"Answer: Since the trip takes 3 hours (assuming you meant 300 km / 100 km/h = 3 hours), converting that to minutes would be 3 * 60 = 180 minutes.
"
3hop_compound_rate_0009,clean,0,3,,2.0625,0.18072444054213918,0.02085274614827313,0.26171875,0.874653914386709,0.09617443652244989,False,0,False,0,,False,False,False,False,170,129,"Answer: 30 ÷ 30 = 1 hour = 60 minutes. However, since the speed is 30 km/h, the time taken to travel 30 km is 30 ÷ 30 = 1 hour, which is equal to 60 minutes ÷ 30 × 30 = 60 minutes ÷ 1 = 60 minutes ÷ (30/30) = 60 minutes ÷ 1 = 60 minutes. Therefore, the second leg takes 60 ÷ 1 = 30 minutes.

"
3hop_compound_rate_0009,error_standard,1,3,wrong_percentage_base,1.7734375,0.5092873531046781,0.34002665543746957,0.314453125,0.6824433512940287,0.25326783305712514,False,0,False,0,,False,False,False,False,165,44,"The second leg of the trip involves traveling 30 km at 30 km/h. To find out how many minutes this leg takes, we first convert the speed to km per minute and then calculate the time.

"
3hop_compound_rate_0009,error_verbalized,1,3,wrong_percentage_base,1.8125,0.3274917674606123,0.3601196802001141,0.326171875,0.8213727766472475,0.1517317726486646,False,0,False,0,,False,False,False,False,209,84,"The second leg of the trip is 30 km at 30 km/h. To find the time in hours, we divide the distance by the speed: 30 km / 30 km/h = 1 hour. Since the question asks for the time in minutes, we convert 1 hour to minutes by multiplying by 60: 1 * 60 = 60 minutes.

"
